record_id,person_id,location_id,location_name,latitude,longitude,timestamp,observation_type,data_source,synthetic_data
SYN-LOC-00321,P009,LOC007,Riverbank Road,13.05,80.275,2026-01-01 08:59:00,CELL_TOWER,Synthetic Demonstration Dataset,True
SYN-LOC-00618,P001,LOC001,Central Bus Terminal,13.0827,80.2707,2026-01-01 23:16:00,CCTV_REFERENCE,Synthetic Demonstration Dataset,True
SYN-LOC-00565,P001,LOC005,Market Street,13.07,80.26,2026-01-02 06:39:00,CELL_TOWER,Synthetic Demonstration Dataset,True
SYN-LOC-00231,P006,LOC007,Riverbank Road,13.05,80.275,2026-01-02 11:59:00,FIELD_OBSERVATION,Synthetic Demonstration Dataset,True
SYN-LOC-00416,P011,LOC008,Tech Park Zone,13.04,80.23,2026-01-03 07:36:00,CCTV_REFERENCE,Synthetic Demonstration Dataset,True
SYN-LOC-00156,P015,LOC008,Tech Park Zone,13.04,80.23,2026-01-03 09:33:00,CELL_TOWER,Synthetic Demonstration Dataset,True
SYN-LOC-00024,P011,LOC003,Industrial Estate,13.06,80.24,2026-01-04 00:28:00,FIELD_OBSERVATION,Synthetic Demonstration Dataset,True
SYN-LOC-00524,P014,LOC003,Industrial Estate,13.06,80.24,2026-01-04 15:18:00,FIELD_OBSERVATION,Synthetic Demonstration Dataset,True
SYN-LOC-00450,P007,LOC007,Riverbank Road,13.05,80.275,2026-01-05 03:21:00,CELL_TOWER,Synthetic Demonstration Dataset,True
SYN-LOC-00707,P015,LOC006,Old Warehouse District,13.11,80.25,2026-01-05 03:27:00,FIELD_OBSERVATION,Synthetic Demonstration Dataset,True
SYN-LOC-00360,P004,LOC005,Market Street,13.07,80.26,2026-01-05 23:37:00,CELL_TOWER,Synthetic Demonstration Dataset,True
SYN-LOC-00722,P001,LOC005,Market Street,13.07,80.26,2026-01-06 01:07:00,CELL_TOWER,Synthetic Demonstration Dataset,True
SYN-LOC-00664,P002,LOC001,Central Bus Terminal,13.0827,80.2707,2026-01-06 07:44:00,CCTV_REFERENCE,Synthetic Demonstration Dataset,True
SYN-LOC-00660,P012,LOC003,Industrial Estate,13.06,80.24,2026-01-06 11:31:00,FIELD_OBSERVATION,Synthetic Demonstration Dataset,True
SYN-LOC-00703,P003,LOC005,Market Street,13.07,80.26,2026-01-06 18:34:00,FIELD_OBSERVATION,Synthetic Demonstration Dataset,True
SYN-LOC-00650,P008,LOC004,Harbour Road,13.1,80.3,2026-01-06 19:04:00,FIELD_OBSERVATION,Synthetic Demonstration Dataset,True
SYN-LOC-00682,P008,LOC007,Riverbank Road,13.05,80.275,2026-01-06 21:18:00,CCTV_REFERENCE,Synthetic Demonstration Dataset,True
SYN-LOC-00316,P010,LOC004,Harbour Road,13.1,80.3,2026-01-06 21:52:00,CCTV_REFERENCE,Synthetic Demonstration Dataset,True
SYN-LOC-00154,P004,LOC001,Central Bus Terminal,13.0827,80.2707,2026-01-06 23:56:00,CCTV_REFERENCE,Synthetic Demonstration Dataset,True
SYN-LOC-00652,P008,LOC002,North Railway Junction,13.095,80.28,2026-01-07 04:08:00,CCTV_REFERENCE,Synthetic Demonstration Dataset,True
SYN-LOC-00167,P008,LOC002,North Railway Junction,13.095,80.28,2026-01-07 09:23:00,CCTV_REFERENCE,Synthetic Demonstration Dataset,True
SYN-LOC-00365,P014,LOC003,Industrial Estate,13.06,80.24,2026-01-07 22:36:00,CELL_TOWER,Synthetic Demonstration Dataset,True
SYN-LOC-00719,P005,LOC005,Market Street,13.07,80.26,2026-01-08 06:07:00,CELL_TOWER,Synthetic Demonstration Dataset,True
SYN-LOC-00329,P009,LOC004,Harbour Road,13.1,80.3,2026-01-08 07:40:00,FIELD_OBSERVATION,Synthetic Demonstration Dataset,True
SYN-LOC-00493,P008,LOC007,Riverbank Road,13.05,80.275,2026-01-08 10:29:00,CCTV_REFERENCE,Synthetic Demonstration Dataset,True
SYN-LOC-00335,P004,LOC001,Central Bus Terminal,13.0827,80.2707,2026-01-09 05:03:00,CELL_TOWER,Synthetic Demonstration Dataset,True
SYN-LOC-00452,P002,LOC009,South Transit Hub,13.03,80.265,2026-01-09 06:07:00,FIELD_OBSERVATION,Synthetic Demonstration Dataset,True
SYN-LOC-00037,P005,LOC001,Central Bus Terminal,13.0827,80.2707,2026-01-09 15:52:00,FIELD_OBSERVATION,Synthetic Demonstration Dataset,True
SYN-LOC-00523,P005,LOC005,Market Street,13.07,80.26,2026-01-09 17:04:00,FIELD_OBSERVATION,Synthetic Demonstration Dataset,True
SYN-LOC-00113,P012,LOC008,Tech Park Zone,13.04,80.23,2026-01-09 18:02:00,CELL_TOWER,Synthetic Demonstration Dataset,True
SYN-LOC-00479,P012,LOC003,Industrial Estate,13.06,80.24,2026-01-10 03:16:00,CCTV_REFERENCE,Synthetic Demonstration Dataset,True
SYN-LOC-00084,P011,LOC006,Old Warehouse District,13.11,80.25,2026-01-10 05:16:00,CCTV_REFERENCE,Synthetic Demonstration Dataset,True
SYN-LOC-00499,P008,LOC004,Harbour Road,13.1,80.3,2026-01-11 06:39:00,CCTV_REFERENCE,Synthetic Demonstration Dataset,True
SYN-LOC-00068,P007,LOC009,South Transit Hub,13.03,80.265,2026-01-12 01:50:00,FIELD_OBSERVATION,Synthetic Demonstration Dataset,True
SYN-LOC-00389,P010,LOC009,South Transit Hub,13.03,80.265,2026-01-12 09:42:00,CELL_TOWER,Synthetic Demonstration Dataset,True
SYN-LOC-00672,P001,LOC001,Central Bus Terminal,13.0827,80.2707,2026-01-12 13:30:00,CELL_TOWER,Synthetic Demonstration Dataset,True
SYN-LOC-00538,P007,LOC007,Riverbank Road,13.05,80.275,2026-01-12 16:32:00,FIELD_OBSERVATION,Synthetic Demonstration Dataset,True
SYN-LOC-00202,P003,LOC005,Market Street,13.07,80.26,2026-01-12 17:07:00,CCTV_REFERENCE,Synthetic Demonstration Dataset,True
SYN-LOC-00622,P002,LOC005,Market Street,13.07,80.26,2026-01-13 00:45:00,CCTV_REFERENCE,Synthetic Demonstration Dataset,True
SYN-LOC-00410,P009,LOC002,North Railway Junction,13.095,80.28,2026-01-13 02:36:00,CELL_TOWER,Synthetic Demonstration Dataset,True
SYN-LOC-00469,P014,LOC006,Old Warehouse District,13.11,80.25,2026-01-13 07:20:00,CCTV_REFERENCE,Synthetic Demonstration Dataset,True
SYN-LOC-00549,P011,LOC008,Tech Park Zone,13.04,80.23,2026-01-13 15:39:00,FIELD_OBSERVATION,Synthetic Demonstration Dataset,True
SYN-LOC-00506,P013,LOC008,Tech Park Zone,13.04,80.23,2026-01-14 10:05:00,FIELD_OBSERVATION,Synthetic Demonstration Dataset,True
SYN-LOC-00384,P004,LOC005,Market Street,13.07,80.26,2026-01-14 23:16:00,FIELD_OBSERVATION,Synthetic Demonstration Dataset,True
SYN-LOC-00663,P011,LOC006,Old Warehouse District,13.11,80.25,2026-01-15 05:20:00,CELL_TOWER,Synthetic Demonstration Dataset,True
SYN-LOC-00398,P006,LOC004,Harbour Road,13.1,80.3,2026-01-16 02:35:00,FIELD_OBSERVATION,Synthetic Demonstration Dataset,True
SYN-LOC-00403,P010,LOC004,Harbour Road,13.1,80.3,2026-01-16 23:05:00,CELL_TOWER,Synthetic Demonstration Dataset,True
SYN-LOC-00012,P001,LOC005,Market Street,13.07,80.26,2026-01-17 05:08:00,CCTV_REFERENCE,Synthetic Demonstration Dataset,True
SYN-LOC-00449,P014,LOC005,Market Street,13.07,80.26,2026-01-17 07:49:00,FIELD_OBSERVATION,Synthetic Demonstration Dataset,True
SYN-LOC-00158,P013,LOC008,Tech Park Zone,13.04,80.23,2026-01-17 18:45:00,CELL_TOWER,Synthetic Demonstration Dataset,True
SYN-LOC-00465,P010,LOC007,Riverbank Road,13.05,80.275,2026-01-18 08:48:00,CELL_TOWER,Synthetic Demonstration Dataset,True
SYN-LOC-00628,P011,LOC003,Industrial Estate,13.06,80.24,2026-01-18 23:32:00,FIELD_OBSERVATION,Synthetic Demonstration Dataset,True
SYN-LOC-00256,P002,LOC001,Central Bus Terminal,13.0827,80.2707,2026-01-19 06:44:00,FIELD_OBSERVATION,Synthetic Demonstration Dataset,True
SYN-LOC-00120,P012,LOC006,Old Warehouse District,13.11,80.25,2026-01-20 05:28:00,CCTV_REFERENCE,Synthetic Demonstration Dataset,True
SYN-LOC-00253,P013,LOC003,Industrial Estate,13.06,80.24,2026-01-20 14:46:00,CELL_TOWER,Synthetic Demonstration Dataset,True
SYN-LOC-00685,P008,LOC007,Riverbank Road,13.05,80.275,2026-01-20 20:57:00,CELL_TOWER,Synthetic Demonstration Dataset,True
SYN-LOC-00111,P013,LOC003,Industrial Estate,13.06,80.24,2026-01-20 23:16:00,CCTV_REFERENCE,Synthetic Demonstration Dataset,True
SYN-LOC-00214,P015,LOC003,Industrial Estate,13.06,80.24,2026-01-21 04:01:00,CCTV_REFERENCE,Synthetic Demonstration Dataset,True
SYN-LOC-00642,P013,LOC006,Old Warehouse District,13.11,80.25,2026-01-21 05:30:00,FIELD_OBSERVATION,Synthetic Demonstration Dataset,True
SYN-LOC-00160,P001,LOC005,Market Street,13.07,80.26,2026-01-21 08:25:00,CELL_TOWER,Synthetic Demonstration Dataset,True
SYN-LOC-00334,P008,LOC004,Harbour Road,13.1,80.3,2026-01-21 13:36:00,CCTV_REFERENCE,Synthetic Demonstration Dataset,True
SYN-LOC-B01-1-P003,P003,LOC005,Market Street,13.07,80.26,2026-01-21 14:08:00,SYNTHETIC_COLOCATION_EVENT,Synthetic Demonstration Dataset,True
SYN-LOC-B01-1-P007,P007,LOC005,Market Street,13.07,80.26,2026-01-21 14:15:00,SYNTHETIC_COLOCATION_EVENT,Synthetic Demonstration Dataset,True
SYN-LOC-00301,P009,LOC002,North Railway Junction,13.095,80.28,2026-01-21 14:28:00,CELL_TOWER,Synthetic Demonstration Dataset,True
SYN-LOC-00103,P006,LOC001,Central Bus Terminal,13.0827,80.2707,2026-01-21 15:59:00,CCTV_REFERENCE,Synthetic Demonstration Dataset,True
SYN-LOC-00666,P013,LOC006,Old Warehouse District,13.11,80.25,2026-01-22 01:03:00,FIELD_OBSERVATION,Synthetic Demonstration Dataset,True
SYN-LOC-00015,P009,LOC002,North Railway Junction,13.095,80.28,2026-01-22 02:15:00,CELL_TOWER,Synthetic Demonstration Dataset,True
SYN-LOC-00498,P012,LOC006,Old Warehouse District,13.11,80.25,2026-01-22 11:30:00,FIELD_OBSERVATION,Synthetic Demonstration Dataset,True
SYN-LOC-00632,P002,LOC005,Market Street,13.07,80.26,2026-01-22 15:40:00,FIELD_OBSERVATION,Synthetic Demonstration Dataset,True
SYN-LOC-00114,P005,LOC005,Market Street,13.07,80.26,2026-01-22 15:42:00,CCTV_REFERENCE,Synthetic Demonstration Dataset,True
SYN-LOC-00740,P010,LOC002,North Railway Junction,13.095,80.28,2026-01-22 21:05:00,CCTV_REFERENCE,Synthetic Demonstration Dataset,True
SYN-LOC-00121,P006,LOC003,Industrial Estate,13.06,80.24,2026-01-23 06:48:00,FIELD_OBSERVATION,Synthetic Demonstration Dataset,True
SYN-LOC-00460,P003,LOC001,Central Bus Terminal,13.0827,80.2707,2026-01-23 11:21:00,FIELD_OBSERVATION,Synthetic Demonstration Dataset,True
SYN-LOC-00358,P014,LOC008,Tech Park Zone,13.04,80.23,2026-01-23 11:31:00,FIELD_OBSERVATION,Synthetic Demonstration Dataset,True
SYN-LOC-00704,P010,LOC004,Harbour Road,13.1,80.3,2026-01-23 22:52:00,CCTV_REFERENCE,Synthetic Demonstration Dataset,True
SYN-LOC-00292,P006,LOC007,Riverbank Road,13.05,80.275,2026-01-24 23:43:00,FIELD_OBSERVATION,Synthetic Demonstration Dataset,True
SYN-LOC-00203,P006,LOC002,North Railway Junction,13.095,80.28,2026-01-25 04:54:00,CCTV_REFERENCE,Synthetic Demonstration Dataset,True
SYN-LOC-00010,P014,LOC008,Tech Park Zone,13.04,80.23,2026-01-25 11:47:00,CELL_TOWER,Synthetic Demonstration Dataset,True
SYN-LOC-00284,P011,LOC003,Industrial Estate,13.06,80.24,2026-01-26 10:23:00,CCTV_REFERENCE,Synthetic Demonstration Dataset,True
SYN-LOC-00309,P015,LOC008,Tech Park Zone,13.04,80.23,2026-01-26 15:17:00,CELL_TOWER,Synthetic Demonstration Dataset,True
SYN-LOC-00625,P012,LOC003,Industrial Estate,13.06,80.24,2026-01-27 02:04:00,CCTV_REFERENCE,Synthetic Demonstration Dataset,True
SYN-LOC-00651,P015,LOC006,Old Warehouse District,13.11,80.25,2026-01-27 04:56:00,CELL_TOWER,Synthetic Demonstration Dataset,True
SYN-LOC-00444,P014,LOC008,Tech Park Zone,13.04,80.23,2026-01-27 10:28:00,CCTV_REFERENCE,Synthetic Demonstration Dataset,True
SYN-LOC-00295,P004,LOC005,Market Street,13.07,80.26,2026-01-27 21:41:00,FIELD_OBSERVATION,Synthetic Demonstration Dataset,True
SYN-LOC-00522,P012,LOC004,Harbour Road,13.1,80.3,2026-01-28 10:41:00,CELL_TOWER,Synthetic Demonstration Dataset,True
SYN-LOC-00544,P014,LOC007,Riverbank Road,13.05,80.275,2026-01-28 15:42:00,FIELD_OBSERVATION,Synthetic Demonstration Dataset,True
SYN-LOC-00462,P001,LOC010,Metro Station,13.075,80.285,2026-01-28 18:55:00,CELL_TOWER,Synthetic Demonstration Dataset,True
SYN-LOC-00118,P001,LOC001,Central Bus Terminal,13.0827,80.2707,2026-01-29 02:54:00,FIELD_OBSERVATION,Synthetic Demonstration Dataset,True
SYN-LOC-00236,P008,LOC004,Harbour Road,13.1,80.3,2026-01-29 02:58:00,FIELD_OBSERVATION,Synthetic Demonstration Dataset,True
SYN-LOC-00048,P010,LOC002,North Railway Junction,13.095,80.28,2026-01-29 03:46:00,CELL_TOWER,Synthetic Demonstration Dataset,True
SYN-LOC-00480,P015,LOC003,Industrial Estate,13.06,80.24,2026-01-29 05:03:00,CCTV_REFERENCE,Synthetic Demonstration Dataset,True
SYN-LOC-00319,P002,LOC001,Central Bus Terminal,13.0827,80.2707,2026-01-29 22:06:00,CCTV_REFERENCE,Synthetic Demonstration Dataset,True
SYN-LOC-00136,P008,LOC008,Tech Park Zone,13.04,80.23,2026-01-29 23:50:00,CCTV_REFERENCE,Synthetic Demonstration Dataset,True
SYN-LOC-00273,P008,LOC005,Market Street,13.07,80.26,2026-01-30 03:09:00,CCTV_REFERENCE,Synthetic Demonstration Dataset,True
SYN-LOC-00724,P010,LOC004,Harbour Road,13.1,80.3,2026-01-30 13:03:00,FIELD_OBSERVATION,Synthetic Demonstration Dataset,True
SYN-LOC-00290,P001,LOC005,Market Street,13.07,80.26,2026-01-30 13:32:00,CCTV_REFERENCE,Synthetic Demonstration Dataset,True
SYN-LOC-00527,P005,LOC005,Market Street,13.07,80.26,2026-01-30 17:15:00,CCTV_REFERENCE,Synthetic Demonstration Dataset,True
SYN-LOC-00303,P001,LOC005,Market Street,13.07,80.26,2026-01-30 17:15:00,FIELD_OBSERVATION,Synthetic Demonstration Dataset,True
SYN-LOC-00139,P002,LOC001,Central Bus Terminal,13.0827,80.2707,2026-01-31 02:19:00,CELL_TOWER,Synthetic Demonstration Dataset,True
SYN-LOC-00234,P011,LOC003,Industrial Estate,13.06,80.24,2026-01-31 10:54:00,CCTV_REFERENCE,Synthetic Demonstration Dataset,True
SYN-LOC-00435,P004,LOC002,North Railway Junction,13.095,80.28,2026-01-31 21:57:00,CELL_TOWER,Synthetic Demonstration Dataset,True
SYN-LOC-00269,P006,LOC007,Riverbank Road,13.05,80.275,2026-01-31 23:52:00,CCTV_REFERENCE,Synthetic Demonstration Dataset,True
SYN-LOC-00604,P007,LOC003,Industrial Estate,13.06,80.24,2026-02-01 16:27:00,CELL_TOWER,Synthetic Demonstration Dataset,True
SYN-LOC-00534,P003,LOC010,Metro Station,13.075,80.285,2026-02-02 02:51:00,CCTV_REFERENCE,Synthetic Demonstration Dataset,True
SYN-LOC-00091,P008,LOC004,Harbour Road,13.1,80.3,2026-02-02 03:34:00,CELL_TOWER,Synthetic Demonstration Dataset,True
SYN-LOC-B01-2-P003,P003,LOC005,Market Street,13.07,80.26,2026-02-02 14:00:00,SYNTHETIC_COLOCATION_EVENT,Synthetic Demonstration Dataset,True
SYN-LOC-B01-2-P007,P007,LOC005,Market Street,13.07,80.26,2026-02-02 14:13:00,SYNTHETIC_COLOCATION_EVENT,Synthetic Demonstration Dataset,True
SYN-LOC-00701,P014,LOC003,Industrial Estate,13.06,80.24,2026-02-03 02:24:00,CCTV_REFERENCE,Synthetic Demonstration Dataset,True
SYN-LOC-00623,P013,LOC003,Industrial Estate,13.06,80.24,2026-02-03 19:39:00,FIELD_OBSERVATION,Synthetic Demonstration Dataset,True
SYN-LOC-00169,P008,LOC004,Harbour Road,13.1,80.3,2026-02-03 22:52:00,FIELD_OBSERVATION,Synthetic Demonstration Dataset,True
SYN-LOC-00341,P011,LOC003,Industrial Estate,13.06,80.24,2026-02-04 10:14:00,CCTV_REFERENCE,Synthetic Demonstration Dataset,True
SYN-LOC-00578,P007,LOC003,Industrial Estate,13.06,80.24,2026-02-04 14:28:00,CCTV_REFERENCE,Synthetic Demonstration Dataset,True
SYN-LOC-00542,P011,LOC006,Old Warehouse District,13.11,80.25,2026-02-05 07:06:00,CELL_TOWER,Synthetic Demonstration Dataset,True
SYN-LOC-00385,P014,LOC006,Old Warehouse District,13.11,80.25,2026-02-05 22:45:00,CELL_TOWER,Synthetic Demonstration Dataset,True
SYN-LOC-00419,P012,LOC006,Old Warehouse District,13.11,80.25,2026-02-07 12:54:00,CELL_TOWER,Synthetic Demonstration Dataset,True
SYN-LOC-00086,P011,LOC006,Old Warehouse District,13.11,80.25,2026-02-07 19:49:00,CCTV_REFERENCE,Synthetic Demonstration Dataset,True
SYN-LOC-00019,P015,LOC002,North Railway Junction,13.095,80.28,2026-02-08 10:38:00,CCTV_REFERENCE,Synthetic Demonstration Dataset,True
SYN-LOC-00112,P002,LOC005,Market Street,13.07,80.26,2026-02-08 11:49:00,CELL_TOWER,Synthetic Demonstration Dataset,True
SYN-LOC-00568,P012,LOC003,Industrial Estate,13.06,80.24,2026-02-08 16:18:00,FIELD_OBSERVATION,Synthetic Demonstration Dataset,True
SYN-LOC-00693,P007,LOC007,Riverbank Road,13.05,80.275,2026-02-08 17:24:00,CCTV_REFERENCE,Synthetic Demonstration Dataset,True
SYN-LOC-00371,P015,LOC006,Old Warehouse District,13.11,80.25,2026-02-09 11:14:00,CELL_TOWER,Synthetic Demonstration Dataset,True
SYN-LOC-00574,P008,LOC007,Riverbank Road,13.05,80.275,2026-02-09 11:53:00,CCTV_REFERENCE,Synthetic Demonstration Dataset,True
SYN-LOC-00681,P010,LOC007,Riverbank Road,13.05,80.275,2026-02-09 20:55:00,CCTV_REFERENCE,Synthetic Demonstration Dataset,True
SYN-LOC-B02-1-P005,P005,LOC007,Riverbank Road,13.05,80.275,2026-02-10 14:07:00,SYNTHETIC_COLOCATION_EVENT,Synthetic Demonstration Dataset,True
SYN-LOC-B02-1-P010,P010,LOC007,Riverbank Road,13.05,80.275,2026-02-10 14:22:00,SYNTHETIC_COLOCATION_EVENT,Synthetic Demonstration Dataset,True
SYN-LOC-00077,P001,LOC010,Metro Station,13.075,80.285,2026-02-10 18:03:00,CELL_TOWER,Synthetic Demonstration Dataset,True
SYN-LOC-00413,P012,LOC008,Tech Park Zone,13.04,80.23,2026-02-11 07:43:00,CCTV_REFERENCE,Synthetic Demonstration Dataset,True
SYN-LOC-00471,P005,LOC005,Market Street,13.07,80.26,2026-02-11 18:20:00,CELL_TOWER,Synthetic Demonstration Dataset,True
SYN-LOC-00421,P007,LOC004,Harbour Road,13.1,80.3,2026-02-11 20:56:00,CCTV_REFERENCE,Synthetic Demonstration Dataset,True
SYN-LOC-00715,P004,LOC005,Market Street,13.07,80.26,2026-02-12 16:30:00,FIELD_OBSERVATION,Synthetic Demonstration Dataset,True
SYN-LOC-00515,P012,LOC007,Riverbank Road,13.05,80.275,2026-02-13 02:15:00,FIELD_OBSERVATION,Synthetic Demonstration Dataset,True
SYN-LOC-00573,P005,LOC010,Metro Station,13.075,80.285,2026-02-13 02:58:00,FIELD_OBSERVATION,Synthetic Demonstration Dataset,True
SYN-LOC-00526,P009,LOC002,North Railway Junction,13.095,80.28,2026-02-13 03:45:00,CCTV_REFERENCE,Synthetic Demonstration Dataset,True
SYN-LOC-00702,P013,LOC006,Old Warehouse District,13.11,80.25,2026-02-13 08:52:00,CELL_TOWER,Synthetic Demonstration Dataset,True
SYN-LOC-00575,P009,LOC006,Old Warehouse District,13.11,80.25,2026-02-13 22:01:00,FIELD_OBSERVATION,Synthetic Demonstration Dataset,True
SYN-LOC-B01-3-P003,P003,LOC005,Market Street,13.07,80.26,2026-02-14 14:06:00,SYNTHETIC_COLOCATION_EVENT,Synthetic Demonstration Dataset,True
SYN-LOC-B01-3-P007,P007,LOC005,Market Street,13.07,80.26,2026-02-14 14:16:00,SYNTHETIC_COLOCATION_EVENT,Synthetic Demonstration Dataset,True
SYN-LOC-00104,P005,LOC001,Central Bus Terminal,13.0827,80.2707,2026-02-14 18:18:00,CELL_TOWER,Synthetic Demonstration Dataset,True
SYN-LOC-00318,P003,LOC010,Metro Station,13.075,80.285,2026-02-14 23:57:00,CELL_TOWER,Synthetic Demonstration Dataset,True
SYN-LOC-00691,P004,LOC009,South Transit Hub,13.03,80.265,2026-02-15 03:40:00,CELL_TOWER,Synthetic Demonstration Dataset,True
SYN-LOC-00308,P005,LOC005,Market Street,13.07,80.26,2026-02-15 13:39:00,CCTV_REFERENCE,Synthetic Demonstration Dataset,True
SYN-LOC-00061,P008,LOC002,North Railway Junction,13.095,80.28,2026-02-15 22:34:00,CELL_TOWER,Synthetic Demonstration Dataset,True
SYN-LOC-00614,P005,LOC001,Central Bus Terminal,13.0827,80.2707,2026-02-15 23:53:00,FIELD_OBSERVATION,Synthetic Demonstration Dataset,True
SYN-LOC-00131,P009,LOC002,North Railway Junction,13.095,80.28,2026-02-16 03:36:00,FIELD_OBSERVATION,Synthetic Demonstration Dataset,True
SYN-LOC-00151,P006,LOC009,South Transit Hub,13.03,80.265,2026-02-16 10:54:00,CELL_TOWER,Synthetic Demonstration Dataset,True
SYN-LOC-00665,P003,LOC005,Market Street,13.07,80.26,2026-02-17 18:11:00,CCTV_REFERENCE,Synthetic Demonstration Dataset,True
SYN-LOC-00683,P013,LOC006,Old Warehouse District,13.11,80.25,2026-02-18 14:03:00,CCTV_REFERENCE,Synthetic Demonstration Dataset,True
SYN-LOC-00569,P012,LOC008,Tech Park Zone,13.04,80.23,2026-02-18 17:10:00,CCTV_REFERENCE,Synthetic Demonstration Dataset,True
SYN-LOC-00344,P011,LOC008,Tech Park Zone,13.04,80.23,2026-02-18 21:05:00,FIELD_OBSERVATION,Synthetic Demonstration Dataset,True
SYN-LOC-00601,P013,LOC003,Industrial Estate,13.06,80.24,2026-02-19 03:57:00,FIELD_OBSERVATION,Synthetic Demonstration Dataset,True
SYN-LOC-00422,P005,LOC003,Industrial Estate,13.06,80.24,2026-02-19 04:56:00,CELL_TOWER,Synthetic Demonstration Dataset,True
SYN-LOC-00520,P008,LOC002,North Railway Junction,13.095,80.28,2026-02-19 08:43:00,CCTV_REFERENCE,Synthetic Demonstration Dataset,True
SYN-LOC-00147,P001,LOC001,Central Bus Terminal,13.0827,80.2707,2026-02-20 01:17:00,CELL_TOWER,Synthetic Demonstration Dataset,True
SYN-LOC-00222,P005,LOC003,Industrial Estate,13.06,80.24,2026-02-20 03:03:00,FIELD_OBSERVATION,Synthetic Demonstration Dataset,True
SYN-LOC-00426,P005,LOC001,Central Bus Terminal,13.0827,80.2707,2026-02-20 05:23:00,CCTV_REFERENCE,Synthetic Demonstration Dataset,True
SYN-LOC-00482,P011,LOC003,Industrial Estate,13.06,80.24,2026-02-20 11:19:00,CCTV_REFERENCE,Synthetic Demonstration Dataset,True
SYN-LOC-00198,P004,LOC005,Market Street,13.07,80.26,2026-02-21 07:15:00,CCTV_REFERENCE,Synthetic Demonstration Dataset,True
SYN-LOC-00364,P002,LOC010,Metro Station,13.075,80.285,2026-02-21 07:44:00,CCTV_REFERENCE,Synthetic Demonstration Dataset,True
SYN-LOC-00728,P013,LOC007,Riverbank Road,13.05,80.275,2026-02-21 10:06:00,CELL_TOWER,Synthetic Demonstration Dataset,True
SYN-LOC-00031,P001,LOC010,Metro Station,13.075,80.285,2026-02-21 23:05:00,FIELD_OBSERVATION,Synthetic Demonstration Dataset,True
SYN-LOC-00289,P015,LOC006,Old Warehouse District,13.11,80.25,2026-02-22 05:29:00,CELL_TOWER,Synthetic Demonstration Dataset,True
SYN-LOC-B02-2-P005,P005,LOC007,Riverbank Road,13.05,80.275,2026-02-22 14:08:00,SYNTHETIC_COLOCATION_EVENT,Synthetic Demonstration Dataset,True
SYN-LOC-B02-2-P010,P010,LOC007,Riverbank Road,13.05,80.275,2026-02-22 14:16:00,SYNTHETIC_COLOCATION_EVENT,Synthetic Demonstration Dataset,True
SYN-LOC-00150,P007,LOC004,Harbour Road,13.1,80.3,2026-02-22 20:21:00,FIELD_OBSERVATION,Synthetic Demonstration Dataset,True
SYN-LOC-00187,P010,LOC007,Riverbank Road,13.05,80.275,2026-02-22 20:50:00,CELL_TOWER,Synthetic Demonstration Dataset,True
SYN-LOC-00313,P011,LOC006,Old Warehouse District,13.11,80.25,2026-02-23 12:53:00,CCTV_REFERENCE,Synthetic Demonstration Dataset,True
SYN-LOC-00383,P005,LOC005,Market Street,13.07,80.26,2026-02-25 04:48:00,CCTV_REFERENCE,Synthetic Demonstration Dataset,True
SYN-LOC-00280,P014,LOC006,Old Warehouse District,13.11,80.25,2026-02-25 09:12:00,CELL_TOWER,Synthetic Demonstration Dataset,True
SYN-LOC-00043,P005,LOC005,Market Street,13.07,80.26,2026-02-25 21:59:00,FIELD_OBSERVATION,Synthetic Demonstration Dataset,True
SYN-LOC-00612,P001,LOC010,Metro Station,13.075,80.285,2026-02-26 01:11:00,FIELD_OBSERVATION,Synthetic Demonstration Dataset,True
SYN-LOC-B01-4-P003,P003,LOC005,Market Street,13.07,80.26,2026-02-26 14:08:00,SYNTHETIC_COLOCATION_EVENT,Synthetic Demonstration Dataset,True
SYN-LOC-00589,P011,LOC003,Industrial Estate,13.06,80.24,2026-02-26 14:09:00,CELL_TOWER,Synthetic Demonstration Dataset,True
SYN-LOC-B01-4-P007,P007,LOC005,Market Street,13.07,80.26,2026-02-26 14:10:00,SYNTHETIC_COLOCATION_EVENT,Synthetic Demonstration Dataset,True
SYN-LOC-00204,P011,LOC003,Industrial Estate,13.06,80.24,2026-02-26 17:28:00,FIELD_OBSERVATION,Synthetic Demonstration Dataset,True
SYN-LOC-00596,P009,LOC004,Harbour Road,13.1,80.3,2026-02-26 21:50:00,FIELD_OBSERVATION,Synthetic Demonstration Dataset,True
SYN-LOC-00723,P014,LOC008,Tech Park Zone,13.04,80.23,2026-02-27 10:16:00,CELL_TOWER,Synthetic Demonstration Dataset,True
SYN-LOC-00395,P014,LOC006,Old Warehouse District,13.11,80.25,2026-02-27 16:13:00,CCTV_REFERENCE,Synthetic Demonstration Dataset,True
SYN-LOC-00224,P002,LOC005,Market Street,13.07,80.26,2026-02-27 21:44:00,CCTV_REFERENCE,Synthetic Demonstration Dataset,True
SYN-LOC-00576,P003,LOC004,Harbour Road,13.1,80.3,2026-02-28 08:33:00,FIELD_OBSERVATION,Synthetic Demonstration Dataset,True
SYN-LOC-00406,P010,LOC002,North Railway Junction,13.095,80.28,2026-02-28 11:33:00,CELL_TOWER,Synthetic Demonstration Dataset,True
SYN-LOC-00630,P009,LOC004,Harbour Road,13.1,80.3,2026-02-28 13:28:00,CELL_TOWER,Synthetic Demonstration Dataset,True
SYN-LOC-00173,P009,LOC002,North Railway Junction,13.095,80.28,2026-03-01 12:47:00,CCTV_REFERENCE,Synthetic Demonstration Dataset,True
SYN-LOC-00464,P009,LOC007,Riverbank Road,13.05,80.275,2026-03-01 14:02:00,CCTV_REFERENCE,Synthetic Demonstration Dataset,True
SYN-LOC-00434,P011,LOC003,Industrial Estate,13.06,80.24,2026-03-01 18:13:00,CELL_TOWER,Synthetic Demonstration Dataset,True
SYN-LOC-00399,P003,LOC001,Central Bus Terminal,13.0827,80.2707,2026-03-02 05:57:00,FIELD_OBSERVATION,Synthetic Demonstration Dataset,True
SYN-LOC-00372,P005,LOC001,Central Bus Terminal,13.0827,80.2707,2026-03-02 07:15:00,FIELD_OBSERVATION,Synthetic Demonstration Dataset,True
SYN-LOC-B03-1-P008,P008,LOC003,Industrial Estate,13.06,80.24,2026-03-02 14:20:00,SYNTHETIC_COLOCATION_EVENT,Synthetic Demonstration Dataset,True
SYN-LOC-B03-1-P012,P012,LOC003,Industrial Estate,13.06,80.24,2026-03-02 14:22:00,SYNTHETIC_COLOCATION_EVENT,Synthetic Demonstration Dataset,True
SYN-LOC-00470,P012,LOC006,Old Warehouse District,13.11,80.25,2026-03-03 03:47:00,CELL_TOWER,Synthetic Demonstration Dataset,True
SYN-LOC-00240,P012,LOC006,Old Warehouse District,13.11,80.25,2026-03-03 04:08:00,CELL_TOWER,Synthetic Demonstration Dataset,True
SYN-LOC-00442,P001,LOC007,Riverbank Road,13.05,80.275,2026-03-03 12:19:00,CELL_TOWER,Synthetic Demonstration Dataset,True
SYN-LOC-00323,P007,LOC006,Old Warehouse District,13.11,80.25,2026-03-03 13:12:00,CCTV_REFERENCE,Synthetic Demonstration Dataset,True
SYN-LOC-00322,P008,LOC007,Riverbank Road,13.05,80.275,2026-03-03 13:53:00,CELL_TOWER,Synthetic Demonstration Dataset,True
SYN-LOC-00034,P011,LOC006,Old Warehouse District,13.11,80.25,2026-03-03 14:51:00,CELL_TOWER,Synthetic Demonstration Dataset,True
SYN-LOC-00005,P004,LOC005,Market Street,13.07,80.26,2026-03-03 21:45:00,CCTV_REFERENCE,Synthetic Demonstration Dataset,True
SYN-LOC-00035,P008,LOC001,Central Bus Terminal,13.0827,80.2707,2026-03-04 01:41:00,FIELD_OBSERVATION,Synthetic Demonstration Dataset,True
SYN-LOC-00023,P002,LOC005,Market Street,13.07,80.26,2026-03-04 03:15:00,CCTV_REFERENCE,Synthetic Demonstration Dataset,True
SYN-LOC-00312,P003,LOC010,Metro Station,13.075,80.285,2026-03-04 10:25:00,CCTV_REFERENCE,Synthetic Demonstration Dataset,True
SYN-LOC-00710,P014,LOC006,Old Warehouse District,13.11,80.25,2026-03-04 14:37:00,CCTV_REFERENCE,Synthetic Demonstration Dataset,True
SYN-LOC-00456,P005,LOC005,Market Street,13.07,80.26,2026-03-04 23:27:00,FIELD_OBSERVATION,Synthetic Demonstration Dataset,True
SYN-LOC-00709,P001,LOC001,Central Bus Terminal,13.0827,80.2707,2026-03-05 01:24:00,FIELD_OBSERVATION,Synthetic Demonstration Dataset,True
SYN-LOC-00375,P007,LOC007,Riverbank Road,13.05,80.275,2026-03-05 04:28:00,CELL_TOWER,Synthetic Demonstration Dataset,True
SYN-LOC-00478,P014,LOC003,Industrial Estate,13.06,80.24,2026-03-05 09:20:00,CELL_TOWER,Synthetic Demonstration Dataset,True
SYN-LOC-00661,P015,LOC008,Tech Park Zone,13.04,80.23,2026-03-05 11:52:00,FIELD_OBSERVATION,Synthetic Demonstration Dataset,True
SYN-LOC-00352,P012,LOC006,Old Warehouse District,13.11,80.25,2026-03-06 01:52:00,CELL_TOWER,Synthetic Demonstration Dataset,True
SYN-LOC-00090,P007,LOC003,Industrial Estate,13.06,80.24,2026-03-06 07:13:00,CCTV_REFERENCE,Synthetic Demonstration Dataset,True
SYN-LOC-B02-3-P005,P005,LOC007,Riverbank Road,13.05,80.275,2026-03-06 14:00:00,SYNTHETIC_COLOCATION_EVENT,Synthetic Demonstration Dataset,True
SYN-LOC-B02-3-P010,P010,LOC007,Riverbank Road,13.05,80.275,2026-03-06 14:03:00,SYNTHETIC_COLOCATION_EVENT,Synthetic Demonstration Dataset,True
SYN-LOC-00183,P004,LOC005,Market Street,13.07,80.26,2026-03-06 20:06:00,CCTV_REFERENCE,Synthetic Demonstration Dataset,True
SYN-LOC-00517,P009,LOC008,Tech Park Zone,13.04,80.23,2026-03-06 21:27:00,FIELD_OBSERVATION,Synthetic Demonstration Dataset,True
SYN-LOC-00130,P014,LOC008,Tech Park Zone,13.04,80.23,2026-03-07 17:57:00,FIELD_OBSERVATION,Synthetic Demonstration Dataset,True
SYN-LOC-00507,P013,LOC006,Old Warehouse District,13.11,80.25,2026-03-08 04:08:00,FIELD_OBSERVATION,Synthetic Demonstration Dataset,True
SYN-LOC-00278,P005,LOC010,Metro Station,13.075,80.285,2026-03-08 06:28:00,CELL_TOWER,Synthetic Demonstration Dataset,True
SYN-LOC-00116,P007,LOC002,North Railway Junction,13.095,80.28,2026-03-08 10:28:00,FIELD_OBSERVATION,Synthetic Demonstration Dataset,True
SYN-LOC-00516,P010,LOC006,Old Warehouse District,13.11,80.25,2026-03-08 19:40:00,FIELD_OBSERVATION,Synthetic Demonstration Dataset,True
SYN-LOC-00439,P004,LOC001,Central Bus Terminal,13.0827,80.2707,2026-03-08 20:41:00,FIELD_OBSERVATION,Synthetic Demonstration Dataset,True
SYN-LOC-00011,P006,LOC002,North Railway Junction,13.095,80.28,2026-03-09 19:15:00,CELL_TOWER,Synthetic Demonstration Dataset,True
SYN-LOC-00571,P015,LOC009,South Transit Hub,13.03,80.265,2026-03-09 23:03:00,FIELD_OBSERVATION,Synthetic Demonstration Dataset,True
SYN-LOC-00593,P003,LOC008,Tech Park Zone,13.04,80.23,2026-03-09 23:17:00,FIELD_OBSERVATION,Synthetic Demonstration Dataset,True
SYN-LOC-00283,P010,LOC004,Harbour Road,13.1,80.3,2026-03-10 00:57:00,CCTV_REFERENCE,Synthetic Demonstration Dataset,True
SYN-LOC-B01-5-P003,P003,LOC005,Market Street,13.07,80.26,2026-03-10 14:09:00,SYNTHETIC_COLOCATION_EVENT,Synthetic Demonstration Dataset,True
SYN-LOC-B01-5-P007,P007,LOC005,Market Street,13.07,80.26,2026-03-10 14:18:00,SYNTHETIC_COLOCATION_EVENT,Synthetic Demonstration Dataset,True
SYN-LOC-00353,P013,LOC007,Riverbank Road,13.05,80.275,2026-03-10 19:37:00,CCTV_REFERENCE,Synthetic Demonstration Dataset,True
SYN-LOC-00429,P013,LOC006,Old Warehouse District,13.11,80.25,2026-03-10 22:28:00,CCTV_REFERENCE,Synthetic Demonstration Dataset,True
SYN-LOC-00592,P004,LOC005,Market Street,13.07,80.26,2026-03-11 02:49:00,FIELD_OBSERVATION,Synthetic Demonstration Dataset,True
SYN-LOC-00729,P004,LOC001,Central Bus Terminal,13.0827,80.2707,2026-03-11 05:18:00,CCTV_REFERENCE,Synthetic Demonstration Dataset,True
SYN-LOC-00065,P013,LOC006,Old Warehouse District,13.11,80.25,2026-03-11 12:35:00,FIELD_OBSERVATION,Synthetic Demonstration Dataset,True
SYN-LOC-00296,P003,LOC010,Metro Station,13.075,80.285,2026-03-12 08:57:00,FIELD_OBSERVATION,Synthetic Demonstration Dataset,True
SYN-LOC-00455,P014,LOC006,Old Warehouse District,13.11,80.25,2026-03-12 16:59:00,CELL_TOWER,Synthetic Demonstration Dataset,True
SYN-LOC-00197,P006,LOC002,North Railway Junction,13.095,80.28,2026-03-13 00:55:00,CCTV_REFERENCE,Synthetic Demonstration Dataset,True
SYN-LOC-00706,P008,LOC004,Harbour Road,13.1,80.3,2026-03-13 05:18:00,CCTV_REFERENCE,Synthetic Demonstration Dataset,True
SYN-LOC-00245,P012,LOC008,Tech Park Zone,13.04,80.23,2026-03-13 17:29:00,FIELD_OBSERVATION,Synthetic Demonstration Dataset,True
SYN-LOC-00500,P005,LOC001,Central Bus Terminal,13.0827,80.2707,2026-03-13 19:08:00,CCTV_REFERENCE,Synthetic Demonstration Dataset,True
SYN-LOC-00328,P012,LOC006,Old Warehouse District,13.11,80.25,2026-03-14 02:21:00,CELL_TOWER,Synthetic Demonstration Dataset,True
SYN-LOC-00474,P013,LOC003,Industrial Estate,13.06,80.24,2026-03-14 04:17:00,CELL_TOWER,Synthetic Demonstration Dataset,True
SYN-LOC-00551,P013,LOC008,Tech Park Zone,13.04,80.23,2026-03-14 06:08:00,CELL_TOWER,Synthetic Demonstration Dataset,True
SYN-LOC-B03-2-P008,P008,LOC003,Industrial Estate,13.06,80.24,2026-03-14 14:13:00,SYNTHETIC_COLOCATION_EVENT,Synthetic Demonstration Dataset,True
SYN-LOC-B03-2-P012,P012,LOC003,Industrial Estate,13.06,80.24,2026-03-14 14:20:00,SYNTHETIC_COLOCATION_EVENT,Synthetic Demonstration Dataset,True
SYN-LOC-00363,P011,LOC008,Tech Park Zone,13.04,80.23,2026-03-15 04:49:00,FIELD_OBSERVATION,Synthetic Demonstration Dataset,True
SYN-LOC-00219,P001,LOC004,Harbour Road,13.1,80.3,2026-03-15 09:50:00,CCTV_REFERENCE,Synthetic Demonstration Dataset,True
SYN-LOC-00641,P007,LOC009,South Transit Hub,13.03,80.265,2026-03-15 17:16:00,CCTV_REFERENCE,Synthetic Demonstration Dataset,True
SYN-LOC-00530,P008,LOC002,North Railway Junction,13.095,80.28,2026-03-16 10:57:00,CELL_TOWER,Synthetic Demonstration Dataset,True
SYN-LOC-00359,P003,LOC005,Market Street,13.07,80.26,2026-03-16 12:30:00,FIELD_OBSERVATION,Synthetic Demonstration Dataset,True
SYN-LOC-00137,P013,LOC006,Old Warehouse District,13.11,80.25,2026-03-17 06:04:00,CELL_TOWER,Synthetic Demonstration Dataset,True
SYN-LOC-00453,P010,LOC007,Riverbank Road,13.05,80.275,2026-03-17 09:38:00,CCTV_REFERENCE,Synthetic Demonstration Dataset,True
SYN-LOC-00737,P010,LOC002,North Railway Junction,13.095,80.28,2026-03-17 12:59:00,CCTV_REFERENCE,Synthetic Demonstration Dataset,True
SYN-LOC-00504,P008,LOC004,Harbour Road,13.1,80.3,2026-03-18 04:45:00,FIELD_OBSERVATION,Synthetic Demonstration Dataset,True
SYN-LOC-00635,P001,LOC001,Central Bus Terminal,13.0827,80.2707,2026-03-18 05:26:00,FIELD_OBSERVATION,Synthetic Demonstration Dataset,True
SYN-LOC-B02-4-P005,P005,LOC007,Riverbank Road,13.05,80.275,2026-03-18 14:17:00,SYNTHETIC_COLOCATION_EVENT,Synthetic Demonstration Dataset,True
SYN-LOC-B02-4-P010,P010,LOC007,Riverbank Road,13.05,80.275,2026-03-18 14:30:00,SYNTHETIC_COLOCATION_EVENT,Synthetic Demonstration Dataset,True
SYN-LOC-00606,P011,LOC007,Riverbank Road,13.05,80.275,2026-03-18 15:17:00,FIELD_OBSERVATION,Synthetic Demonstration Dataset,True
SYN-LOC-00400,P012,LOC006,Old Warehouse District,13.11,80.25,2026-03-18 18:15:00,CCTV_REFERENCE,Synthetic Demonstration Dataset,True
SYN-LOC-00583,P003,LOC010,Metro Station,13.075,80.285,2026-03-19 09:31:00,CELL_TOWER,Synthetic Demonstration Dataset,True
SYN-LOC-00241,P014,LOC008,Tech Park Zone,13.04,80.23,2026-03-19 21:07:00,FIELD_OBSERVATION,Synthetic Demonstration Dataset,True
SYN-LOC-00582,P001,LOC010,Metro Station,13.075,80.285,2026-03-20 04:03:00,CCTV_REFERENCE,Synthetic Demonstration Dataset,True
SYN-LOC-00081,P010,LOC004,Harbour Road,13.1,80.3,2026-03-20 06:16:00,CELL_TOWER,Synthetic Demonstration Dataset,True
SYN-LOC-00188,P002,LOC010,Metro Station,13.075,80.285,2026-03-20 17:07:00,FIELD_OBSERVATION,Synthetic Demonstration Dataset,True
SYN-LOC-00172,P013,LOC006,Old Warehouse District,13.11,80.25,2026-03-20 17:43:00,CELL_TOWER,Synthetic Demonstration Dataset,True
SYN-LOC-00014,P008,LOC007,Riverbank Road,13.05,80.275,2026-03-21 06:11:00,FIELD_OBSERVATION,Synthetic Demonstration Dataset,True
SYN-LOC-00616,P015,LOC003,Industrial Estate,13.06,80.24,2026-03-21 12:47:00,CELL_TOWER,Synthetic Demonstration Dataset,True
SYN-LOC-00550,P002,LOC010,Metro Station,13.075,80.285,2026-03-21 22:15:00,FIELD_OBSERVATION,Synthetic Demonstration Dataset,True
SYN-LOC-00386,P005,LOC008,Tech Park Zone,13.04,80.23,2026-03-21 23:05:00,CCTV_REFERENCE,Synthetic Demonstration Dataset,True
SYN-LOC-00502,P009,LOC002,North Railway Junction,13.095,80.28,2026-03-22 09:34:00,FIELD_OBSERVATION,Synthetic Demonstration Dataset,True
SYN-LOC-B04-1-P010,P010,LOC006,Old Warehouse District,13.11,80.25,2026-03-22 14:11:00,SYNTHETIC_COLOCATION_EVENT,Synthetic Demonstration Dataset,True
SYN-LOC-B04-1-P013,P013,LOC006,Old Warehouse District,13.11,80.25,2026-03-22 14:14:00,SYNTHETIC_COLOCATION_EVENT,Synthetic Demonstration Dataset,True
SYN-LOC-00694,P011,LOC001,Central Bus Terminal,13.0827,80.2707,2026-03-23 03:06:00,CCTV_REFERENCE,Synthetic Demonstration Dataset,True
SYN-LOC-00087,P006,LOC007,Riverbank Road,13.05,80.275,2026-03-23 07:42:00,FIELD_OBSERVATION,Synthetic Demonstration Dataset,True
SYN-LOC-00698,P001,LOC001,Central Bus Terminal,13.0827,80.2707,2026-03-23 22:29:00,FIELD_OBSERVATION,Synthetic Demonstration Dataset,True
SYN-LOC-00640,P012,LOC009,South Transit Hub,13.03,80.265,2026-03-24 07:43:00,FIELD_OBSERVATION,Synthetic Demonstration Dataset,True
SYN-LOC-00674,P013,LOC004,Harbour Road,13.1,80.3,2026-03-24 07:52:00,CCTV_REFERENCE,Synthetic Demonstration Dataset,True
SYN-LOC-00252,P014,LOC003,Industrial Estate,13.06,80.24,2026-03-24 18:05:00,CCTV_REFERENCE,Synthetic Demonstration Dataset,True
SYN-LOC-00266,P006,LOC004,Harbour Road,13.1,80.3,2026-03-24 18:53:00,CELL_TOWER,Synthetic Demonstration Dataset,True
SYN-LOC-00145,P010,LOC002,North Railway Junction,13.095,80.28,2026-03-24 19:23:00,CELL_TOWER,Synthetic Demonstration Dataset,True
SYN-LOC-00310,P005,LOC001,Central Bus Terminal,13.0827,80.2707,2026-03-24 23:11:00,FIELD_OBSERVATION,Synthetic Demonstration Dataset,True
SYN-LOC-00382,P012,LOC006,Old Warehouse District,13.11,80.25,2026-03-26 00:14:00,CELL_TOWER,Synthetic Demonstration Dataset,True
SYN-LOC-00742,P011,LOC008,Tech Park Zone,13.04,80.23,2026-03-26 01:46:00,CCTV_REFERENCE,Synthetic Demonstration Dataset,True
SYN-LOC-00680,P009,LOC005,Market Street,13.07,80.26,2026-03-26 03:27:00,FIELD_OBSERVATION,Synthetic Demonstration Dataset,True
SYN-LOC-00454,P003,LOC010,Metro Station,13.075,80.285,2026-03-26 06:41:00,FIELD_OBSERVATION,Synthetic Demonstration Dataset,True
SYN-LOC-00487,P001,LOC001,Central Bus Terminal,13.0827,80.2707,2026-03-26 07:19:00,FIELD_OBSERVATION,Synthetic Demonstration Dataset,True
SYN-LOC-B03-3-P008,P008,LOC003,Industrial Estate,13.06,80.24,2026-03-26 14:06:00,SYNTHETIC_COLOCATION_EVENT,Synthetic Demonstration Dataset,True
SYN-LOC-B03-3-P012,P012,LOC003,Industrial Estate,13.06,80.24,2026-03-26 14:10:00,SYNTHETIC_COLOCATION_EVENT,Synthetic Demonstration Dataset,True
SYN-LOC-00003,P008,LOC002,North Railway Junction,13.095,80.28,2026-03-26 14:56:00,CELL_TOWER,Synthetic Demonstration Dataset,True
SYN-LOC-00027,P009,LOC004,Harbour Road,13.1,80.3,2026-03-27 00:37:00,CELL_TOWER,Synthetic Demonstration Dataset,True
SYN-LOC-00512,P001,LOC009,South Transit Hub,13.03,80.265,2026-03-27 11:18:00,CCTV_REFERENCE,Synthetic Demonstration Dataset,True
SYN-LOC-00750,P011,LOC006,Old Warehouse District,13.11,80.25,2026-03-27 12:43:00,CCTV_REFERENCE,Synthetic Demonstration Dataset,True
SYN-LOC-00586,P009,LOC004,Harbour Road,13.1,80.3,2026-03-27 14:55:00,FIELD_OBSERVATION,Synthetic Demonstration Dataset,True
SYN-LOC-00047,P010,LOC002,North Railway Junction,13.095,80.28,2026-03-27 17:21:00,CELL_TOWER,Synthetic Demonstration Dataset,True
SYN-LOC-00243,P005,LOC009,South Transit Hub,13.03,80.265,2026-03-28 13:51:00,CELL_TOWER,Synthetic Demonstration Dataset,True
SYN-LOC-00545,P006,LOC007,Riverbank Road,13.05,80.275,2026-03-28 13:56:00,CCTV_REFERENCE,Synthetic Demonstration Dataset,True
SYN-LOC-00678,P012,LOC003,Industrial Estate,13.06,80.24,2026-03-28 20:32:00,CELL_TOWER,Synthetic Demonstration Dataset,True
SYN-LOC-00639,P015,LOC001,Central Bus Terminal,13.0827,80.2707,2026-03-28 23:56:00,FIELD_OBSERVATION,Synthetic Demonstration Dataset,True
SYN-LOC-00362,P010,LOC002,North Railway Junction,13.095,80.28,2026-03-29 01:00:00,FIELD_OBSERVATION,Synthetic Demonstration Dataset,True
SYN-LOC-00030,P003,LOC001,Central Bus Terminal,13.0827,80.2707,2026-03-29 04:08:00,CCTV_REFERENCE,Synthetic Demonstration Dataset,True
SYN-LOC-00216,P006,LOC007,Riverbank Road,13.05,80.275,2026-03-29 14:10:00,CELL_TOWER,Synthetic Demonstration Dataset,True
SYN-LOC-00473,P011,LOC008,Tech Park Zone,13.04,80.23,2026-03-29 20:44:00,CELL_TOWER,Synthetic Demonstration Dataset,True
SYN-LOC-00734,P005,LOC005,Market Street,13.07,80.26,2026-03-29 23:13:00,FIELD_OBSERVATION,Synthetic Demonstration Dataset,True
SYN-LOC-00428,P013,LOC003,Industrial Estate,13.06,80.24,2026-03-30 00:28:00,FIELD_OBSERVATION,Synthetic Demonstration Dataset,True
SYN-LOC-00193,P012,LOC005,Market Street,13.07,80.26,2026-03-30 09:16:00,FIELD_OBSERVATION,Synthetic Demonstration Dataset,True
SYN-LOC-B02-5-P005,P005,LOC007,Riverbank Road,13.05,80.275,2026-03-30 14:04:00,SYNTHETIC_COLOCATION_EVENT,Synthetic Demonstration Dataset,True
SYN-LOC-B02-5-P010,P010,LOC007,Riverbank Road,13.05,80.275,2026-03-30 14:15:00,SYNTHETIC_COLOCATION_EVENT,Synthetic Demonstration Dataset,True
SYN-LOC-00519,P008,LOC007,Riverbank Road,13.05,80.275,2026-03-30 21:54:00,CELL_TOWER,Synthetic Demonstration Dataset,True
SYN-LOC-00634,P006,LOC007,Riverbank Road,13.05,80.275,2026-03-31 07:03:00,CCTV_REFERENCE,Synthetic Demonstration Dataset,True
SYN-LOC-00237,P002,LOC005,Market Street,13.07,80.26,2026-03-31 08:29:00,CCTV_REFERENCE,Synthetic Demonstration Dataset,True
SYN-LOC-00123,P014,LOC003,Industrial Estate,13.06,80.24,2026-03-31 20:43:00,FIELD_OBSERVATION,Synthetic Demonstration Dataset,True
SYN-LOC-00149,P002,LOC005,Market Street,13.07,80.26,2026-04-01 09:26:00,CCTV_REFERENCE,Synthetic Demonstration Dataset,True
SYN-LOC-00643,P005,LOC005,Market Street,13.07,80.26,2026-04-01 12:39:00,CELL_TOWER,Synthetic Demonstration Dataset,True
SYN-LOC-00206,P008,LOC005,Market Street,13.07,80.26,2026-04-01 12:56:00,FIELD_OBSERVATION,Synthetic Demonstration Dataset,True
SYN-LOC-00249,P007,LOC007,Riverbank Road,13.05,80.275,2026-04-02 09:10:00,CCTV_REFERENCE,Synthetic Demonstration Dataset,True
SYN-LOC-00330,P001,LOC005,Market Street,13.07,80.26,2026-04-02 16:45:00,CELL_TOWER,Synthetic Demonstration Dataset,True
SYN-LOC-00496,P010,LOC001,Central Bus Terminal,13.0827,80.2707,2026-04-03 08:46:00,FIELD_OBSERVATION,Synthetic Demonstration Dataset,True
SYN-LOC-B04-2-P010,P010,LOC006,Old Warehouse District,13.11,80.25,2026-04-03 14:11:00,SYNTHETIC_COLOCATION_EVENT,Synthetic Demonstration Dataset,True
SYN-LOC-B04-2-P013,P013,LOC006,Old Warehouse District,13.11,80.25,2026-04-03 14:21:00,SYNTHETIC_COLOCATION_EVENT,Synthetic Demonstration Dataset,True
SYN-LOC-00598,P014,LOC003,Industrial Estate,13.06,80.24,2026-04-03 16:35:00,FIELD_OBSERVATION,Synthetic Demonstration Dataset,True
SYN-LOC-00357,P011,LOC003,Industrial Estate,13.06,80.24,2026-04-03 17:04:00,CELL_TOWER,Synthetic Demonstration Dataset,True
SYN-LOC-00102,P008,LOC002,North Railway Junction,13.095,80.28,2026-04-04 11:51:00,FIELD_OBSERVATION,Synthetic Demonstration Dataset,True
SYN-LOC-00274,P015,LOC001,Central Bus Terminal,13.0827,80.2707,2026-04-05 03:37:00,CELL_TOWER,Synthetic Demonstration Dataset,True
SYN-LOC-00732,P014,LOC003,Industrial Estate,13.06,80.24,2026-04-05 04:10:00,FIELD_OBSERVATION,Synthetic Demonstration Dataset,True
SYN-LOC-00327,P015,LOC008,Tech Park Zone,13.04,80.23,2026-04-05 21:58:00,FIELD_OBSERVATION,Synthetic Demonstration Dataset,True
SYN-LOC-00743,P011,LOC006,Old Warehouse District,13.11,80.25,2026-04-06 02:09:00,CCTV_REFERENCE,Synthetic Demonstration Dataset,True
SYN-LOC-00484,P010,LOC004,Harbour Road,13.1,80.3,2026-04-06 08:59:00,CELL_TOWER,Synthetic Demonstration Dataset,True
SYN-LOC-00711,P015,LOC008,Tech Park Zone,13.04,80.23,2026-04-06 10:07:00,CCTV_REFERENCE,Synthetic Demonstration Dataset,True
SYN-LOC-00563,P008,LOC004,Harbour Road,13.1,80.3,2026-04-07 01:45:00,CELL_TOWER,Synthetic Demonstration Dataset,True
SYN-LOC-00089,P011,LOC001,Central Bus Terminal,13.0827,80.2707,2026-04-07 03:41:00,FIELD_OBSERVATION,Synthetic Demonstration Dataset,True
SYN-LOC-B03-4-P008,P008,LOC003,Industrial Estate,13.06,80.24,2026-04-07 14:16:00,SYNTHETIC_COLOCATION_EVENT,Synthetic Demonstration Dataset,True
SYN-LOC-B03-4-P012,P012,LOC003,Industrial Estate,13.06,80.24,2026-04-07 14:30:00,SYNTHETIC_COLOCATION_EVENT,Synthetic Demonstration Dataset,True
SYN-LOC-00063,P006,LOC002,North Railway Junction,13.095,80.28,2026-04-08 04:16:00,CCTV_REFERENCE,Synthetic Demonstration Dataset,True
SYN-LOC-00495,P013,LOC008,Tech Park Zone,13.04,80.23,2026-04-08 04:36:00,CCTV_REFERENCE,Synthetic Demonstration Dataset,True
SYN-LOC-00230,P006,LOC004,Harbour Road,13.1,80.3,2026-04-08 18:38:00,CELL_TOWER,Synthetic Demonstration Dataset,True
SYN-LOC-00488,P015,LOC003,Industrial Estate,13.06,80.24,2026-04-08 22:28:00,FIELD_OBSERVATION,Synthetic Demonstration Dataset,True
SYN-LOC-00437,P001,LOC010,Metro Station,13.075,80.285,2026-04-09 04:52:00,FIELD_OBSERVATION,Synthetic Demonstration Dataset,True
SYN-LOC-00679,P007,LOC004,Harbour Road,13.1,80.3,2026-04-09 08:56:00,CCTV_REFERENCE,Synthetic Demonstration Dataset,True
SYN-LOC-00696,P015,LOC004,Harbour Road,13.1,80.3,2026-04-09 09:16:00,CCTV_REFERENCE,Synthetic Demonstration Dataset,True
SYN-LOC-00096,P013,LOC003,Industrial Estate,13.06,80.24,2026-04-09 12:27:00,FIELD_OBSERVATION,Synthetic Demonstration Dataset,True
SYN-LOC-00546,P003,LOC010,Metro Station,13.075,80.285,2026-04-09 12:59:00,CELL_TOWER,Synthetic Demonstration Dataset,True
SYN-LOC-00537,P002,LOC010,Metro Station,13.075,80.285,2026-04-09 17:07:00,CCTV_REFERENCE,Synthetic Demonstration Dataset,True
SYN-LOC-00223,P012,LOC008,Tech Park Zone,13.04,80.23,2026-04-09 22:31:00,FIELD_OBSERVATION,Synthetic Demonstration Dataset,True
SYN-LOC-00221,P011,LOC006,Old Warehouse District,13.11,80.25,2026-04-10 00:24:00,CCTV_REFERENCE,Synthetic Demonstration Dataset,True
SYN-LOC-00054,P012,LOC006,Old Warehouse District,13.11,80.25,2026-04-10 08:14:00,CCTV_REFERENCE,Synthetic Demonstration Dataset,True
SYN-LOC-00115,P013,LOC006,Old Warehouse District,13.11,80.25,2026-04-10 11:27:00,FIELD_OBSERVATION,Synthetic Demonstration Dataset,True
SYN-LOC-00390,P007,LOC008,Tech Park Zone,13.04,80.23,2026-04-10 14:37:00,FIELD_OBSERVATION,Synthetic Demonstration Dataset,True
SYN-LOC-B05-1-P004,P004,LOC010,Metro Station,13.075,80.285,2026-04-11 14:12:00,SYNTHETIC_COLOCATION_EVENT,Synthetic Demonstration Dataset,True
SYN-LOC-B05-1-P011,P011,LOC010,Metro Station,13.075,80.285,2026-04-11 14:20:00,SYNTHETIC_COLOCATION_EVENT,Synthetic Demonstration Dataset,True
SYN-LOC-00532,P009,LOC002,North Railway Junction,13.095,80.28,2026-04-11 19:37:00,FIELD_OBSERVATION,Synthetic Demonstration Dataset,True
SYN-LOC-00508,P008,LOC004,Harbour Road,13.1,80.3,2026-04-12 13:42:00,CCTV_REFERENCE,Synthetic Demonstration Dataset,True
SYN-LOC-00226,P008,LOC007,Riverbank Road,13.05,80.275,2026-04-12 23:33:00,FIELD_OBSERVATION,Synthetic Demonstration Dataset,True
SYN-LOC-00337,P005,LOC001,Central Bus Terminal,13.0827,80.2707,2026-04-13 12:14:00,CELL_TOWER,Synthetic Demonstration Dataset,True
SYN-LOC-00731,P001,LOC005,Market Street,13.07,80.26,2026-04-13 22:31:00,CELL_TOWER,Synthetic Demonstration Dataset,True
SYN-LOC-00287,P008,LOC007,Riverbank Road,13.05,80.275,2026-04-14 03:54:00,CCTV_REFERENCE,Synthetic Demonstration Dataset,True
SYN-LOC-00320,P007,LOC007,Riverbank Road,13.05,80.275,2026-04-14 04:34:00,FIELD_OBSERVATION,Synthetic Demonstration Dataset,True
SYN-LOC-00324,P003,LOC005,Market Street,13.07,80.26,2026-04-14 09:52:00,CELL_TOWER,Synthetic Demonstration Dataset,True
SYN-LOC-00467,P003,LOC010,Metro Station,13.075,80.285,2026-04-14 11:22:00,FIELD_OBSERVATION,Synthetic Demonstration Dataset,True
SYN-LOC-00186,P002,LOC008,Tech Park Zone,13.04,80.23,2026-04-14 23:35:00,CELL_TOWER,Synthetic Demonstration Dataset,True
SYN-LOC-00417,P014,LOC008,Tech Park Zone,13.04,80.23,2026-04-15 01:08:00,CCTV_REFERENCE,Synthetic Demonstration Dataset,True
SYN-LOC-B04-3-P010,P010,LOC006,Old Warehouse District,13.11,80.25,2026-04-15 14:00:00,SYNTHETIC_COLOCATION_EVENT,Synthetic Demonstration Dataset,True
SYN-LOC-B04-3-P013,P013,LOC006,Old Warehouse District,13.11,80.25,2026-04-15 14:09:00,SYNTHETIC_COLOCATION_EVENT,Synthetic Demonstration Dataset,True
SYN-LOC-00038,P015,LOC001,Central Bus Terminal,13.0827,80.2707,2026-04-16 15:25:00,FIELD_OBSERVATION,Synthetic Demonstration Dataset,True
SYN-LOC-00165,P012,LOC003,Industrial Estate,13.06,80.24,2026-04-16 16:38:00,FIELD_OBSERVATION,Synthetic Demonstration Dataset,True
SYN-LOC-00195,P008,LOC002,North Railway Junction,13.095,80.28,2026-04-16 21:29:00,CELL_TOWER,Synthetic Demonstration Dataset,True
SYN-LOC-00117,P008,LOC002,North Railway Junction,13.095,80.28,2026-04-18 06:47:00,CELL_TOWER,Synthetic Demonstration Dataset,True
SYN-LOC-00718,P009,LOC010,Metro Station,13.075,80.285,2026-04-18 11:17:00,CELL_TOWER,Synthetic Demonstration Dataset,True
SYN-LOC-00189,P004,LOC005,Market Street,13.07,80.26,2026-04-18 21:44:00,CELL_TOWER,Synthetic Demonstration Dataset,True
SYN-LOC-00100,P015,LOC003,Industrial Estate,13.06,80.24,2026-04-18 22:48:00,CCTV_REFERENCE,Synthetic Demonstration Dataset,True
SYN-LOC-00064,P007,LOC003,Industrial Estate,13.06,80.24,2026-04-18 23:28:00,FIELD_OBSERVATION,Synthetic Demonstration Dataset,True
SYN-LOC-00675,P015,LOC006,Old Warehouse District,13.11,80.25,2026-04-19 13:24:00,FIELD_OBSERVATION,Synthetic Demonstration Dataset,True
SYN-LOC-B03-5-P008,P008,LOC003,Industrial Estate,13.06,80.24,2026-04-19 14:09:00,SYNTHETIC_COLOCATION_EVENT,Synthetic Demonstration Dataset,True
SYN-LOC-B03-5-P012,P012,LOC003,Industrial Estate,13.06,80.24,2026-04-19 14:23:00,SYNTHETIC_COLOCATION_EVENT,Synthetic Demonstration Dataset,True
SYN-LOC-00207,P009,LOC010,Metro Station,13.075,80.285,2026-04-19 15:23:00,CELL_TOWER,Synthetic Demonstration Dataset,True
SYN-LOC-00232,P013,LOC009,South Transit Hub,13.03,80.265,2026-04-19 22:36:00,CELL_TOWER,Synthetic Demonstration Dataset,True
SYN-LOC-00367,P003,LOC005,Market Street,13.07,80.26,2026-04-20 18:48:00,CELL_TOWER,Synthetic Demonstration Dataset,True
SYN-LOC-00351,P013,LOC009,South Transit Hub,13.03,80.265,2026-04-20 21:43:00,CCTV_REFERENCE,Synthetic Demonstration Dataset,True
SYN-LOC-00627,P001,LOC005,Market Street,13.07,80.26,2026-04-20 23:09:00,CCTV_REFERENCE,Synthetic Demonstration Dataset,True
SYN-LOC-00333,P011,LOC006,Old Warehouse District,13.11,80.25,2026-04-21 04:53:00,CCTV_REFERENCE,Synthetic Demonstration Dataset,True
SYN-LOC-00692,P005,LOC001,Central Bus Terminal,13.0827,80.2707,2026-04-21 11:18:00,FIELD_OBSERVATION,Synthetic Demonstration Dataset,True
SYN-LOC-00655,P013,LOC006,Old Warehouse District,13.11,80.25,2026-04-21 12:38:00,FIELD_OBSERVATION,Synthetic Demonstration Dataset,True
SYN-LOC-00420,P008,LOC010,Metro Station,13.075,80.285,2026-04-21 16:56:00,FIELD_OBSERVATION,Synthetic Demonstration Dataset,True
SYN-LOC-00579,P006,LOC004,Harbour Road,13.1,80.3,2026-04-21 20:52:00,FIELD_OBSERVATION,Synthetic Demonstration Dataset,True
SYN-LOC-00458,P014,LOC004,Harbour Road,13.1,80.3,2026-04-22 00:41:00,CELL_TOWER,Synthetic Demonstration Dataset,True
SYN-LOC-00379,P007,LOC003,Industrial Estate,13.06,80.24,2026-04-22 01:27:00,FIELD_OBSERVATION,Synthetic Demonstration Dataset,True
SYN-LOC-00228,P008,LOC002,North Railway Junction,13.095,80.28,2026-04-22 04:53:00,CELL_TOWER,Synthetic Demonstration Dataset,True
SYN-LOC-00739,P013,LOC006,Old Warehouse District,13.11,80.25,2026-04-22 14:29:00,CELL_TOWER,Synthetic Demonstration Dataset,True
SYN-LOC-00624,P008,LOC007,Riverbank Road,13.05,80.275,2026-04-22 15:23:00,CCTV_REFERENCE,Synthetic Demonstration Dataset,True
SYN-LOC-00307,P014,LOC006,Old Warehouse District,13.11,80.25,2026-04-22 23:24:00,CCTV_REFERENCE,Synthetic Demonstration Dataset,True
SYN-LOC-00332,P004,LOC001,Central Bus Terminal,13.0827,80.2707,2026-04-23 00:32:00,CELL_TOWER,Synthetic Demonstration Dataset,True
SYN-LOC-00646,P009,LOC004,Harbour Road,13.1,80.3,2026-04-23 02:54:00,CELL_TOWER,Synthetic Demonstration Dataset,True
SYN-LOC-00608,P007,LOC007,Riverbank Road,13.05,80.275,2026-04-23 12:24:00,CELL_TOWER,Synthetic Demonstration Dataset,True
SYN-LOC-B05-2-P004,P004,LOC010,Metro Station,13.075,80.285,2026-04-23 14:16:00,SYNTHETIC_COLOCATION_EVENT,Synthetic Demonstration Dataset,True
SYN-LOC-B05-2-P011,P011,LOC010,Metro Station,13.075,80.285,2026-04-23 14:23:00,SYNTHETIC_COLOCATION_EVENT,Synthetic Demonstration Dataset,True
SYN-LOC-00486,P005,LOC008,Tech Park Zone,13.04,80.23,2026-04-23 15:36:00,FIELD_OBSERVATION,Synthetic Demonstration Dataset,True
SYN-LOC-00036,P006,LOC004,Harbour Road,13.1,80.3,2026-04-23 22:45:00,CELL_TOWER,Synthetic Demonstration Dataset,True
SYN-LOC-00239,P011,LOC003,Industrial Estate,13.06,80.24,2026-04-24 06:56:00,CELL_TOWER,Synthetic Demonstration Dataset,True
SYN-LOC-00607,P011,LOC006,Old Warehouse District,13.11,80.25,2026-04-24 11:53:00,CELL_TOWER,Synthetic Demonstration Dataset,True
SYN-LOC-00368,P008,LOC002,North Railway Junction,13.095,80.28,2026-04-24 12:00:00,CELL_TOWER,Synthetic Demonstration Dataset,True
SYN-LOC-00587,P013,LOC008,Tech Park Zone,13.04,80.23,2026-04-24 17:29:00,FIELD_OBSERVATION,Synthetic Demonstration Dataset,True
SYN-LOC-00004,P005,LOC001,Central Bus Terminal,13.0827,80.2707,2026-04-24 18:20:00,CCTV_REFERENCE,Synthetic Demonstration Dataset,True
SYN-LOC-00336,P007,LOC003,Industrial Estate,13.06,80.24,2026-04-24 19:32:00,CCTV_REFERENCE,Synthetic Demonstration Dataset,True
SYN-LOC-00045,P012,LOC004,Harbour Road,13.1,80.3,2026-04-25 04:40:00,CELL_TOWER,Synthetic Demonstration Dataset,True
SYN-LOC-00673,P015,LOC008,Tech Park Zone,13.04,80.23,2026-04-25 09:56:00,CCTV_REFERENCE,Synthetic Demonstration Dataset,True
SYN-LOC-00210,P003,LOC001,Central Bus Terminal,13.0827,80.2707,2026-04-25 13:12:00,CCTV_REFERENCE,Synthetic Demonstration Dataset,True
SYN-LOC-00597,P003,LOC001,Central Bus Terminal,13.0827,80.2707,2026-04-25 16:41:00,CCTV_REFERENCE,Synthetic Demonstration Dataset,True
SYN-LOC-00317,P015,LOC007,Riverbank Road,13.05,80.275,2026-04-25 17:43:00,CELL_TOWER,Synthetic Demonstration Dataset,True
SYN-LOC-00461,P014,LOC001,Central Bus Terminal,13.0827,80.2707,2026-04-25 22:12:00,CCTV_REFERENCE,Synthetic Demonstration Dataset,True
SYN-LOC-00369,P002,LOC001,Central Bus Terminal,13.0827,80.2707,2026-04-26 07:27:00,CCTV_REFERENCE,Synthetic Demonstration Dataset,True
SYN-LOC-00485,P007,LOC007,Riverbank Road,13.05,80.275,2026-04-26 11:07:00,CELL_TOWER,Synthetic Demonstration Dataset,True
SYN-LOC-00175,P015,LOC006,Old Warehouse District,13.11,80.25,2026-04-26 12:47:00,FIELD_OBSERVATION,Synthetic Demonstration Dataset,True
SYN-LOC-00492,P002,LOC001,Central Bus Terminal,13.0827,80.2707,2026-04-26 18:50:00,CCTV_REFERENCE,Synthetic Demonstration Dataset,True
SYN-LOC-00594,P015,LOC008,Tech Park Zone,13.04,80.23,2026-04-27 06:59:00,FIELD_OBSERVATION,Synthetic Demonstration Dataset,True
SYN-LOC-00717,P003,LOC010,Metro Station,13.075,80.285,2026-04-27 07:45:00,CCTV_REFERENCE,Synthetic Demonstration Dataset,True
SYN-LOC-00073,P009,LOC007,Riverbank Road,13.05,80.275,2026-04-27 09:17:00,CCTV_REFERENCE,Synthetic Demonstration Dataset,True
SYN-LOC-00272,P002,LOC010,Metro Station,13.075,80.285,2026-04-27 12:49:00,FIELD_OBSERVATION,Synthetic Demonstration Dataset,True
SYN-LOC-B04-4-P010,P010,LOC006,Old Warehouse District,13.11,80.25,2026-04-27 14:16:00,SYNTHETIC_COLOCATION_EVENT,Synthetic Demonstration Dataset,True
SYN-LOC-B04-4-P013,P013,LOC006,Old Warehouse District,13.11,80.25,2026-04-27 14:30:00,SYNTHETIC_COLOCATION_EVENT,Synthetic Demonstration Dataset,True
SYN-LOC-00263,P009,LOC002,North Railway Junction,13.095,80.28,2026-04-28 20:12:00,CCTV_REFERENCE,Synthetic Demonstration Dataset,True
SYN-LOC-00611,P013,LOC001,Central Bus Terminal,13.0827,80.2707,2026-04-29 03:41:00,FIELD_OBSERVATION,Synthetic Demonstration Dataset,True
SYN-LOC-00746,P006,LOC007,Riverbank Road,13.05,80.275,2026-04-29 19:51:00,CELL_TOWER,Synthetic Demonstration Dataset,True
SYN-LOC-00677,P010,LOC007,Riverbank Road,13.05,80.275,2026-04-30 02:57:00,FIELD_OBSERVATION,Synthetic Demonstration Dataset,True
SYN-LOC-00022,P005,LOC005,Market Street,13.07,80.26,2026-04-30 06:58:00,CCTV_REFERENCE,Synthetic Demonstration Dataset,True
SYN-LOC-00006,P007,LOC004,Harbour Road,13.1,80.3,2026-04-30 10:23:00,CELL_TOWER,Synthetic Demonstration Dataset,True
SYN-LOC-00306,P001,LOC005,Market Street,13.07,80.26,2026-05-01 06:26:00,FIELD_OBSERVATION,Synthetic Demonstration Dataset,True
SYN-LOC-00560,P007,LOC002,North Railway Junction,13.095,80.28,2026-05-01 07:14:00,CELL_TOWER,Synthetic Demonstration Dataset,True
SYN-LOC-00225,P011,LOC002,North Railway Junction,13.095,80.28,2026-05-01 11:25:00,CCTV_REFERENCE,Synthetic Demonstration Dataset,True
SYN-LOC-00042,P009,LOC002,North Railway Junction,13.095,80.28,2026-05-01 14:14:00,CELL_TOWER,Synthetic Demonstration Dataset,True
SYN-LOC-00026,P013,LOC006,Old Warehouse District,13.11,80.25,2026-05-01 22:32:00,CELL_TOWER,Synthetic Demonstration Dataset,True
SYN-LOC-00727,P012,LOC003,Industrial Estate,13.06,80.24,2026-05-02 09:05:00,CELL_TOWER,Synthetic Demonstration Dataset,True
SYN-LOC-00404,P001,LOC004,Harbour Road,13.1,80.3,2026-05-02 13:55:00,FIELD_OBSERVATION,Synthetic Demonstration Dataset,True
SYN-LOC-00251,P004,LOC005,Market Street,13.07,80.26,2026-05-03 01:17:00,CCTV_REFERENCE,Synthetic Demonstration Dataset,True
SYN-LOC-00082,P003,LOC005,Market Street,13.07,80.26,2026-05-04 02:01:00,CELL_TOWER,Synthetic Demonstration Dataset,True
SYN-LOC-00134,P005,LOC001,Central Bus Terminal,13.0827,80.2707,2026-05-04 02:49:00,CELL_TOWER,Synthetic Demonstration Dataset,True
SYN-LOC-00556,P015,LOC004,Harbour Road,13.1,80.3,2026-05-04 03:48:00,FIELD_OBSERVATION,Synthetic Demonstration Dataset,True
SYN-LOC-00181,P002,LOC004,Harbour Road,13.1,80.3,2026-05-04 07:34:00,CCTV_REFERENCE,Synthetic Demonstration Dataset,True
SYN-LOC-00277,P008,LOC004,Harbour Road,13.1,80.3,2026-05-04 07:47:00,CCTV_REFERENCE,Synthetic Demonstration Dataset,True
SYN-LOC-00602,P015,LOC003,Industrial Estate,13.06,80.24,2026-05-04 21:37:00,CCTV_REFERENCE,Synthetic Demonstration Dataset,True
SYN-LOC-00067,P013,LOC008,Tech Park Zone,13.04,80.23,2026-05-05 10:08:00,CELL_TOWER,Synthetic Demonstration Dataset,True
SYN-LOC-B05-3-P004,P004,LOC010,Metro Station,13.075,80.285,2026-05-05 14:18:00,SYNTHETIC_COLOCATION_EVENT,Synthetic Demonstration Dataset,True
SYN-LOC-B05-3-P011,P011,LOC010,Metro Station,13.075,80.285,2026-05-05 14:33:00,SYNTHETIC_COLOCATION_EVENT,Synthetic Demonstration Dataset,True
SYN-LOC-00039,P005,LOC003,Industrial Estate,13.06,80.24,2026-05-05 21:42:00,CELL_TOWER,Synthetic Demonstration Dataset,True
SYN-LOC-00699,P014,LOC008,Tech Park Zone,13.04,80.23,2026-05-06 06:46:00,CCTV_REFERENCE,Synthetic Demonstration Dataset,True
SYN-LOC-00662,P007,LOC004,Harbour Road,13.1,80.3,2026-05-06 09:30:00,CELL_TOWER,Synthetic Demonstration Dataset,True
SYN-LOC-00396,P005,LOC001,Central Bus Terminal,13.0827,80.2707,2026-05-06 15:50:00,FIELD_OBSERVATION,Synthetic Demonstration Dataset,True
SYN-LOC-00686,P014,LOC006,Old Warehouse District,13.11,80.25,2026-05-06 17:32:00,CCTV_REFERENCE,Synthetic Demonstration Dataset,True
SYN-LOC-00377,P011,LOC008,Tech Park Zone,13.04,80.23,2026-05-06 18:00:00,CCTV_REFERENCE,Synthetic Demonstration Dataset,True
SYN-LOC-00185,P003,LOC001,Central Bus Terminal,13.0827,80.2707,2026-05-07 04:59:00,FIELD_OBSERVATION,Synthetic Demonstration Dataset,True
SYN-LOC-00599,P010,LOC009,South Transit Hub,13.03,80.265,2026-05-07 07:27:00,CELL_TOWER,Synthetic Demonstration Dataset,True
SYN-LOC-00539,P005,LOC001,Central Bus Terminal,13.0827,80.2707,2026-05-07 09:17:00,FIELD_OBSERVATION,Synthetic Demonstration Dataset,True
SYN-LOC-00511,P005,LOC001,Central Bus Terminal,13.0827,80.2707,2026-05-07 21:16:00,CELL_TOWER,Synthetic Demonstration Dataset,True
SYN-LOC-00558,P003,LOC010,Metro Station,13.075,80.285,2026-05-08 10:54:00,CELL_TOWER,Synthetic Demonstration Dataset,True
SYN-LOC-00248,P008,LOC005,Market Street,13.07,80.26,2026-05-08 18:06:00,FIELD_OBSERVATION,Synthetic Demonstration Dataset,True
SYN-LOC-00446,P004,LOC001,Central Bus Terminal,13.0827,80.2707,2026-05-08 19:17:00,CELL_TOWER,Synthetic Demonstration Dataset,True
SYN-LOC-00200,P010,LOC005,Market Street,13.07,80.26,2026-05-09 12:06:00,CCTV_REFERENCE,Synthetic Demonstration Dataset,True
SYN-LOC-B04-5-P010,P010,LOC006,Old Warehouse District,13.11,80.25,2026-05-09 14:12:00,SYNTHETIC_COLOCATION_EVENT,Synthetic Demonstration Dataset,True
SYN-LOC-B04-5-P013,P013,LOC006,Old Warehouse District,13.11,80.25,2026-05-09 14:26:00,SYNTHETIC_COLOCATION_EVENT,Synthetic Demonstration Dataset,True
SYN-LOC-00591,P005,LOC004,Harbour Road,13.1,80.3,2026-05-10 08:33:00,CCTV_REFERENCE,Synthetic Demonstration Dataset,True
SYN-LOC-00347,P004,LOC001,Central Bus Terminal,13.0827,80.2707,2026-05-10 16:40:00,CELL_TOWER,Synthetic Demonstration Dataset,True
SYN-LOC-00258,P006,LOC004,Harbour Road,13.1,80.3,2026-05-10 17:44:00,CCTV_REFERENCE,Synthetic Demonstration Dataset,True
SYN-LOC-00443,P001,LOC005,Market Street,13.07,80.26,2026-05-10 21:59:00,FIELD_OBSERVATION,Synthetic Demonstration Dataset,True
SYN-LOC-00621,P015,LOC008,Tech Park Zone,13.04,80.23,2026-05-10 23:22:00,CCTV_REFERENCE,Synthetic Demonstration Dataset,True
SYN-LOC-00246,P012,LOC009,South Transit Hub,13.03,80.265,2026-05-11 04:02:00,FIELD_OBSERVATION,Synthetic Demonstration Dataset,True
SYN-LOC-00227,P009,LOC007,Riverbank Road,13.05,80.275,2026-05-11 16:29:00,CELL_TOWER,Synthetic Demonstration Dataset,True
SYN-LOC-00647,P002,LOC001,Central Bus Terminal,13.0827,80.2707,2026-05-11 19:49:00,FIELD_OBSERVATION,Synthetic Demonstration Dataset,True
SYN-LOC-00128,P014,LOC003,Industrial Estate,13.06,80.24,2026-05-12 00:58:00,CCTV_REFERENCE,Synthetic Demonstration Dataset,True
SYN-LOC-00311,P001,LOC010,Metro Station,13.075,80.285,2026-05-12 08:29:00,CELL_TOWER,Synthetic Demonstration Dataset,True
SYN-LOC-00105,P015,LOC009,South Transit Hub,13.03,80.265,2026-05-12 09:44:00,CCTV_REFERENCE,Synthetic Demonstration Dataset,True
SYN-LOC-00178,P005,LOC010,Metro Station,13.075,80.285,2026-05-12 21:59:00,CCTV_REFERENCE,Synthetic Demonstration Dataset,True
SYN-LOC-00584,P002,LOC007,Riverbank Road,13.05,80.275,2026-05-13 01:17:00,CCTV_REFERENCE,Synthetic Demonstration Dataset,True
SYN-LOC-00029,P011,LOC003,Industrial Estate,13.06,80.24,2026-05-13 02:15:00,CELL_TOWER,Synthetic Demonstration Dataset,True
SYN-LOC-00109,P003,LOC010,Metro Station,13.075,80.285,2026-05-13 07:43:00,CCTV_REFERENCE,Synthetic Demonstration Dataset,True
SYN-LOC-00490,P013,LOC006,Old Warehouse District,13.11,80.25,2026-05-13 10:03:00,CELL_TOWER,Synthetic Demonstration Dataset,True
SYN-LOC-00088,P005,LOC005,Market Street,13.07,80.26,2026-05-13 14:24:00,CELL_TOWER,Synthetic Demonstration Dataset,True
SYN-LOC-00533,P014,LOC007,Riverbank Road,13.05,80.275,2026-05-14 09:50:00,CELL_TOWER,Synthetic Demonstration Dataset,True
SYN-LOC-00300,P012,LOC006,Old Warehouse District,13.11,80.25,2026-05-14 19:33:00,FIELD_OBSERVATION,Synthetic Demonstration Dataset,True
SYN-LOC-00238,P013,LOC003,Industrial Estate,13.06,80.24,2026-05-15 03:54:00,FIELD_OBSERVATION,Synthetic Demonstration Dataset,True
SYN-LOC-00735,P013,LOC003,Industrial Estate,13.06,80.24,2026-05-15 06:48:00,CELL_TOWER,Synthetic Demonstration Dataset,True
SYN-LOC-00741,P010,LOC002,North Railway Junction,13.095,80.28,2026-05-15 21:40:00,FIELD_OBSERVATION,Synthetic Demonstration Dataset,True
SYN-LOC-00152,P002,LOC010,Metro Station,13.075,80.285,2026-05-15 23:39:00,FIELD_OBSERVATION,Synthetic Demonstration Dataset,True
SYN-LOC-00051,P001,LOC010,Metro Station,13.075,80.285,2026-05-16 02:06:00,CELL_TOWER,Synthetic Demonstration Dataset,True
SYN-LOC-00407,P014,LOC006,Old Warehouse District,13.11,80.25,2026-05-17 11:44:00,FIELD_OBSERVATION,Synthetic Demonstration Dataset,True
SYN-LOC-B05-4-P004,P004,LOC010,Metro Station,13.075,80.285,2026-05-17 14:18:00,SYNTHETIC_COLOCATION_EVENT,Synthetic Demonstration Dataset,True
SYN-LOC-B05-4-P011,P011,LOC010,Metro Station,13.075,80.285,2026-05-17 14:23:00,SYNTHETIC_COLOCATION_EVENT,Synthetic Demonstration Dataset,True
SYN-LOC-00561,P015,LOC006,Old Warehouse District,13.11,80.25,2026-05-17 23:09:00,CELL_TOWER,Synthetic Demonstration Dataset,True
SYN-LOC-00229,P001,LOC005,Market Street,13.07,80.26,2026-05-18 20:44:00,CELL_TOWER,Synthetic Demonstration Dataset,True
SYN-LOC-00276,P013,LOC001,Central Bus Terminal,13.0827,80.2707,2026-05-18 22:22:00,CCTV_REFERENCE,Synthetic Demonstration Dataset,True
SYN-LOC-00721,P005,LOC001,Central Bus Terminal,13.0827,80.2707,2026-05-19 15:19:00,FIELD_OBSERVATION,Synthetic Demonstration Dataset,True
SYN-LOC-00577,P002,LOC010,Metro Station,13.075,80.285,2026-05-19 22:47:00,CCTV_REFERENCE,Synthetic Demonstration Dataset,True
SYN-LOC-00340,P004,LOC001,Central Bus Terminal,13.0827,80.2707,2026-05-20 03:40:00,FIELD_OBSERVATION,Synthetic Demonstration Dataset,True
SYN-LOC-00425,P006,LOC002,North Railway Junction,13.095,80.28,2026-05-20 08:27:00,CELL_TOWER,Synthetic Demonstration Dataset,True
SYN-LOC-00684,P009,LOC007,Riverbank Road,13.05,80.275,2026-05-20 09:43:00,FIELD_OBSERVATION,Synthetic Demonstration Dataset,True
SYN-LOC-00540,P005,LOC001,Central Bus Terminal,13.0827,80.2707,2026-05-20 09:55:00,FIELD_OBSERVATION,Synthetic Demonstration Dataset,True
SYN-LOC-00171,P015,LOC008,Tech Park Zone,13.04,80.23,2026-05-20 14:17:00,FIELD_OBSERVATION,Synthetic Demonstration Dataset,True
SYN-LOC-00163,P003,LOC005,Market Street,13.07,80.26,2026-05-20 19:44:00,CCTV_REFERENCE,Synthetic Demonstration Dataset,True
SYN-LOC-00570,P007,LOC007,Riverbank Road,13.05,80.275,2026-05-21 20:03:00,CCTV_REFERENCE,Synthetic Demonstration Dataset,True
SYN-LOC-00020,P007,LOC007,Riverbank Road,13.05,80.275,2026-05-21 23:31:00,CCTV_REFERENCE,Synthetic Demonstration Dataset,True
SYN-LOC-00513,P012,LOC008,Tech Park Zone,13.04,80.23,2026-05-22 03:57:00,FIELD_OBSERVATION,Synthetic Demonstration Dataset,True
SYN-LOC-00559,P006,LOC004,Harbour Road,13.1,80.3,2026-05-22 10:26:00,CELL_TOWER,Synthetic Demonstration Dataset,True
SYN-LOC-00521,P011,LOC003,Industrial Estate,13.06,80.24,2026-05-22 13:33:00,CELL_TOWER,Synthetic Demonstration Dataset,True
SYN-LOC-00585,P006,LOC002,North Railway Junction,13.095,80.28,2026-05-23 01:11:00,CELL_TOWER,Synthetic Demonstration Dataset,True
SYN-LOC-00387,P008,LOC002,North Railway Junction,13.095,80.28,2026-05-23 03:53:00,CELL_TOWER,Synthetic Demonstration Dataset,True
SYN-LOC-00074,P014,LOC003,Industrial Estate,13.06,80.24,2026-05-23 07:58:00,FIELD_OBSERVATION,Synthetic Demonstration Dataset,True
SYN-LOC-00033,P004,LOC010,Metro Station,13.075,80.285,2026-05-23 10:51:00,CCTV_REFERENCE,Synthetic Demonstration Dataset,True
SYN-LOC-00644,P015,LOC008,Tech Park Zone,13.04,80.23,2026-05-23 16:26:00,FIELD_OBSERVATION,Synthetic Demonstration Dataset,True
SYN-LOC-00552,P006,LOC007,Riverbank Road,13.05,80.275,2026-05-23 16:57:00,CELL_TOWER,Synthetic Demonstration Dataset,True
SYN-LOC-00658,P003,LOC010,Metro Station,13.075,80.285,2026-05-24 11:31:00,CCTV_REFERENCE,Synthetic Demonstration Dataset,True
SYN-LOC-00275,P009,LOC007,Riverbank Road,13.05,80.275,2026-05-24 14:19:00,CELL_TOWER,Synthetic Demonstration Dataset,True
SYN-LOC-00415,P014,LOC006,Old Warehouse District,13.11,80.25,2026-05-24 14:40:00,CELL_TOWER,Synthetic Demonstration Dataset,True
SYN-LOC-00373,P013,LOC003,Industrial Estate,13.06,80.24,2026-05-25 22:43:00,CELL_TOWER,Synthetic Demonstration Dataset,True
SYN-LOC-00617,P013,LOC005,Market Street,13.07,80.26,2026-05-26 02:51:00,CCTV_REFERENCE,Synthetic Demonstration Dataset,True
SYN-LOC-00083,P006,LOC002,North Railway Junction,13.095,80.28,2026-05-26 08:33:00,CELL_TOWER,Synthetic Demonstration Dataset,True
SYN-LOC-00108,P006,LOC004,Harbour Road,13.1,80.3,2026-05-26 11:30:00,FIELD_OBSERVATION,Synthetic Demonstration Dataset,True
SYN-LOC-00302,P007,LOC002,North Railway Junction,13.095,80.28,2026-05-26 13:02:00,CELL_TOWER,Synthetic Demonstration Dataset,True
SYN-LOC-00438,P015,LOC006,Old Warehouse District,13.11,80.25,2026-05-26 13:07:00,FIELD_OBSERVATION,Synthetic Demonstration Dataset,True
SYN-LOC-00078,P009,LOC007,Riverbank Road,13.05,80.275,2026-05-26 19:51:00,FIELD_OBSERVATION,Synthetic Demonstration Dataset,True
SYN-LOC-00436,P010,LOC005,Market Street,13.07,80.26,2026-05-27 02:54:00,CELL_TOWER,Synthetic Demonstration Dataset,True
SYN-LOC-00555,P010,LOC004,Harbour Road,13.1,80.3,2026-05-27 08:00:00,CELL_TOWER,Synthetic Demonstration Dataset,True
SYN-LOC-00541,P008,LOC002,North Railway Junction,13.095,80.28,2026-05-27 10:57:00,CCTV_REFERENCE,Synthetic Demonstration Dataset,True
SYN-LOC-00713,P008,LOC007,Riverbank Road,13.05,80.275,2026-05-27 11:12:00,FIELD_OBSERVATION,Synthetic Demonstration Dataset,True
SYN-LOC-00159,P013,LOC003,Industrial Estate,13.06,80.24,2026-05-27 18:50:00,FIELD_OBSERVATION,Synthetic Demonstration Dataset,True
SYN-LOC-00250,P013,LOC004,Harbour Road,13.1,80.3,2026-05-28 12:42:00,FIELD_OBSERVATION,Synthetic Demonstration Dataset,True
SYN-LOC-00489,P009,LOC010,Metro Station,13.075,80.285,2026-05-29 11:47:00,FIELD_OBSERVATION,Synthetic Demonstration Dataset,True
SYN-LOC-B05-5-P004,P004,LOC010,Metro Station,13.075,80.285,2026-05-29 14:10:00,SYNTHETIC_COLOCATION_EVENT,Synthetic Demonstration Dataset,True
SYN-LOC-B05-5-P011,P011,LOC010,Metro Station,13.075,80.285,2026-05-29 14:16:00,SYNTHETIC_COLOCATION_EVENT,Synthetic Demonstration Dataset,True
SYN-LOC-00366,P002,LOC001,Central Bus Terminal,13.0827,80.2707,2026-05-29 16:00:00,CELL_TOWER,Synthetic Demonstration Dataset,True
SYN-LOC-00503,P006,LOC002,North Railway Junction,13.095,80.28,2026-05-30 00:30:00,FIELD_OBSERVATION,Synthetic Demonstration Dataset,True
SYN-LOC-00687,P007,LOC007,Riverbank Road,13.05,80.275,2026-05-30 23:37:00,CCTV_REFERENCE,Synthetic Demonstration Dataset,True
SYN-LOC-00637,P010,LOC004,Harbour Road,13.1,80.3,2026-05-31 15:38:00,CELL_TOWER,Synthetic Demonstration Dataset,True
SYN-LOC-00690,P014,LOC008,Tech Park Zone,13.04,80.23,2026-05-31 23:45:00,CCTV_REFERENCE,Synthetic Demonstration Dataset,True
SYN-LOC-00119,P013,LOC008,Tech Park Zone,13.04,80.23,2026-06-01 09:37:00,CELL_TOWER,Synthetic Demonstration Dataset,True
SYN-LOC-00668,P009,LOC002,North Railway Junction,13.095,80.28,2026-06-01 11:57:00,FIELD_OBSERVATION,Synthetic Demonstration Dataset,True
SYN-LOC-00745,P003,LOC001,Central Bus Terminal,13.0827,80.2707,2026-06-01 19:47:00,CCTV_REFERENCE,Synthetic Demonstration Dataset,True
SYN-LOC-00472,P007,LOC002,North Railway Junction,13.095,80.28,2026-06-02 01:07:00,CELL_TOWER,Synthetic Demonstration Dataset,True
SYN-LOC-00093,P003,LOC010,Metro Station,13.075,80.285,2026-06-02 13:51:00,CELL_TOWER,Synthetic Demonstration Dataset,True
SYN-LOC-00432,P013,LOC003,Industrial Estate,13.06,80.24,2026-06-02 16:42:00,CCTV_REFERENCE,Synthetic Demonstration Dataset,True
SYN-LOC-00705,P010,LOC007,Riverbank Road,13.05,80.275,2026-06-02 19:32:00,CCTV_REFERENCE,Synthetic Demonstration Dataset,True
SYN-LOC-00562,P006,LOC003,Industrial Estate,13.06,80.24,2026-06-02 20:21:00,CCTV_REFERENCE,Synthetic Demonstration Dataset,True
SYN-LOC-00055,P004,LOC001,Central Bus Terminal,13.0827,80.2707,2026-06-03 05:36:00,CCTV_REFERENCE,Synthetic Demonstration Dataset,True
SYN-LOC-00194,P008,LOC007,Riverbank Road,13.05,80.275,2026-06-04 06:44:00,FIELD_OBSERVATION,Synthetic Demonstration Dataset,True
SYN-LOC-00002,P001,LOC001,Central Bus Terminal,13.0827,80.2707,2026-06-04 07:34:00,CCTV_REFERENCE,Synthetic Demonstration Dataset,True
SYN-LOC-00463,P012,LOC002,North Railway Junction,13.095,80.28,2026-06-04 10:28:00,CELL_TOWER,Synthetic Demonstration Dataset,True
SYN-LOC-00509,P003,LOC003,Industrial Estate,13.06,80.24,2026-06-04 20:54:00,CCTV_REFERENCE,Synthetic Demonstration Dataset,True
SYN-LOC-00040,P001,LOC005,Market Street,13.07,80.26,2026-06-04 21:47:00,CELL_TOWER,Synthetic Demonstration Dataset,True
SYN-LOC-00536,P012,LOC003,Industrial Estate,13.06,80.24,2026-06-04 23:58:00,CCTV_REFERENCE,Synthetic Demonstration Dataset,True
SYN-LOC-00401,P014,LOC006,Old Warehouse District,13.11,80.25,2026-06-05 13:13:00,CELL_TOWER,Synthetic Demonstration Dataset,True
SYN-LOC-00588,P012,LOC001,Central Bus Terminal,13.0827,80.2707,2026-06-05 17:31:00,FIELD_OBSERVATION,Synthetic Demonstration Dataset,True
SYN-LOC-00235,P009,LOC007,Riverbank Road,13.05,80.275,2026-06-06 10:08:00,CELL_TOWER,Synthetic Demonstration Dataset,True
SYN-LOC-00127,P007,LOC007,Riverbank Road,13.05,80.275,2026-06-06 11:17:00,FIELD_OBSERVATION,Synthetic Demonstration Dataset,True
SYN-LOC-00107,P012,LOC003,Industrial Estate,13.06,80.24,2026-06-06 14:09:00,FIELD_OBSERVATION,Synthetic Demonstration Dataset,True
SYN-LOC-00590,P013,LOC006,Old Warehouse District,13.11,80.25,2026-06-07 01:05:00,CCTV_REFERENCE,Synthetic Demonstration Dataset,True
SYN-LOC-00094,P015,LOC006,Old Warehouse District,13.11,80.25,2026-06-07 02:47:00,FIELD_OBSERVATION,Synthetic Demonstration Dataset,True
SYN-LOC-00445,P002,LOC010,Metro Station,13.075,80.285,2026-06-07 03:06:00,FIELD_OBSERVATION,Synthetic Demonstration Dataset,True
SYN-LOC-00060,P010,LOC004,Harbour Road,13.1,80.3,2026-06-07 09:00:00,CELL_TOWER,Synthetic Demonstration Dataset,True
SYN-LOC-00288,P006,LOC008,Tech Park Zone,13.04,80.23,2026-06-07 11:07:00,CELL_TOWER,Synthetic Demonstration Dataset,True
SYN-LOC-00190,P003,LOC001,Central Bus Terminal,13.0827,80.2707,2026-06-07 16:57:00,FIELD_OBSERVATION,Synthetic Demonstration Dataset,True
SYN-LOC-00170,P013,LOC003,Industrial Estate,13.06,80.24,2026-06-07 19:10:00,FIELD_OBSERVATION,Synthetic Demonstration Dataset,True
SYN-LOC-00708,P010,LOC007,Riverbank Road,13.05,80.275,2026-06-08 18:51:00,FIELD_OBSERVATION,Synthetic Demonstration Dataset,True
SYN-LOC-00164,P011,LOC008,Tech Park Zone,13.04,80.23,2026-06-08 21:38:00,CCTV_REFERENCE,Synthetic Demonstration Dataset,True
SYN-LOC-00070,P005,LOC005,Market Street,13.07,80.26,2026-06-09 09:51:00,CELL_TOWER,Synthetic Demonstration Dataset,True
SYN-LOC-00072,P012,LOC003,Industrial Estate,13.06,80.24,2026-06-09 16:26:00,CELL_TOWER,Synthetic Demonstration Dataset,True
SYN-LOC-00548,P007,LOC009,South Transit Hub,13.03,80.265,2026-06-09 20:23:00,FIELD_OBSERVATION,Synthetic Demonstration Dataset,True
SYN-LOC-00199,P010,LOC010,Metro Station,13.075,80.285,2026-06-11 07:35:00,FIELD_OBSERVATION,Synthetic Demonstration Dataset,True
SYN-LOC-00141,P015,LOC005,Market Street,13.07,80.26,2026-06-12 01:51:00,FIELD_OBSERVATION,Synthetic Demonstration Dataset,True
SYN-LOC-00380,P015,LOC007,Riverbank Road,13.05,80.275,2026-06-12 14:14:00,CCTV_REFERENCE,Synthetic Demonstration Dataset,True
SYN-LOC-00418,P007,LOC006,Old Warehouse District,13.11,80.25,2026-06-12 18:32:00,CCTV_REFERENCE,Synthetic Demonstration Dataset,True
SYN-LOC-00648,P002,LOC005,Market Street,13.07,80.26,2026-06-12 23:54:00,CELL_TOWER,Synthetic Demonstration Dataset,True
SYN-LOC-00427,P014,LOC007,Riverbank Road,13.05,80.275,2026-06-13 01:07:00,CELL_TOWER,Synthetic Demonstration Dataset,True
SYN-LOC-00528,P004,LOC001,Central Bus Terminal,13.0827,80.2707,2026-06-13 19:27:00,CELL_TOWER,Synthetic Demonstration Dataset,True
SYN-LOC-00297,P010,LOC007,Riverbank Road,13.05,80.275,2026-06-14 00:08:00,CCTV_REFERENCE,Synthetic Demonstration Dataset,True
SYN-LOC-00304,P012,LOC008,Tech Park Zone,13.04,80.23,2026-06-14 16:59:00,CELL_TOWER,Synthetic Demonstration Dataset,True
SYN-LOC-00376,P001,LOC001,Central Bus Terminal,13.0827,80.2707,2026-06-15 03:36:00,FIELD_OBSERVATION,Synthetic Demonstration Dataset,True
SYN-LOC-00356,P006,LOC010,Metro Station,13.075,80.285,2026-06-15 16:50:00,CCTV_REFERENCE,Synthetic Demonstration Dataset,True
SYN-LOC-00044,P002,LOC004,Harbour Road,13.1,80.3,2026-06-16 05:23:00,CELL_TOWER,Synthetic Demonstration Dataset,True
SYN-LOC-00501,P005,LOC010,Metro Station,13.075,80.285,2026-06-16 14:11:00,FIELD_OBSERVATION,Synthetic Demonstration Dataset,True
SYN-LOC-00142,P013,LOC003,Industrial Estate,13.06,80.24,2026-06-16 18:59:00,CELL_TOWER,Synthetic Demonstration Dataset,True
SYN-LOC-00331,P005,LOC005,Market Street,13.07,80.26,2026-06-17 07:04:00,FIELD_OBSERVATION,Synthetic Demonstration Dataset,True
SYN-LOC-00342,P004,LOC010,Metro Station,13.075,80.285,2026-06-17 07:52:00,CCTV_REFERENCE,Synthetic Demonstration Dataset,True
SYN-LOC-00025,P007,LOC008,Tech Park Zone,13.04,80.23,2026-06-17 19:26:00,CELL_TOWER,Synthetic Demonstration Dataset,True
SYN-LOC-00494,P010,LOC002,North Railway Junction,13.095,80.28,2026-06-18 16:37:00,FIELD_OBSERVATION,Synthetic Demonstration Dataset,True
SYN-LOC-00201,P012,LOC004,Harbour Road,13.1,80.3,2026-06-18 21:02:00,CELL_TOWER,Synthetic Demonstration Dataset,True
SYN-LOC-00032,P011,LOC009,South Transit Hub,13.03,80.265,2026-06-19 21:22:00,FIELD_OBSERVATION,Synthetic Demonstration Dataset,True
SYN-LOC-00405,P011,LOC008,Tech Park Zone,13.04,80.23,2026-06-20 17:42:00,CCTV_REFERENCE,Synthetic Demonstration Dataset,True
SYN-LOC-00129,P003,LOC005,Market Street,13.07,80.26,2026-06-20 22:49:00,FIELD_OBSERVATION,Synthetic Demonstration Dataset,True
SYN-LOC-00346,P006,LOC007,Riverbank Road,13.05,80.275,2026-06-21 02:34:00,CELL_TOWER,Synthetic Demonstration Dataset,True
SYN-LOC-00124,P011,LOC003,Industrial Estate,13.06,80.24,2026-06-21 05:46:00,CCTV_REFERENCE,Synthetic Demonstration Dataset,True
SYN-LOC-00730,P013,LOC006,Old Warehouse District,13.11,80.25,2026-06-21 07:53:00,CCTV_REFERENCE,Synthetic Demonstration Dataset,True
SYN-LOC-00099,P001,LOC010,Metro Station,13.075,80.285,2026-06-21 08:03:00,CCTV_REFERENCE,Synthetic Demonstration Dataset,True
SYN-LOC-00749,P005,LOC004,Harbour Road,13.1,80.3,2026-06-21 10:35:00,FIELD_OBSERVATION,Synthetic Demonstration Dataset,True
SYN-LOC-00009,P007,LOC007,Riverbank Road,13.05,80.275,2026-06-21 14:16:00,CELL_TOWER,Synthetic Demonstration Dataset,True
SYN-LOC-00580,P003,LOC005,Market Street,13.07,80.26,2026-06-21 23:35:00,CCTV_REFERENCE,Synthetic Demonstration Dataset,True
SYN-LOC-00282,P009,LOC002,North Railway Junction,13.095,80.28,2026-06-23 00:34:00,CCTV_REFERENCE,Synthetic Demonstration Dataset,True
SYN-LOC-00412,P011,LOC008,Tech Park Zone,13.04,80.23,2026-06-23 07:00:00,CCTV_REFERENCE,Synthetic Demonstration Dataset,True
SYN-LOC-00021,P008,LOC004,Harbour Road,13.1,80.3,2026-06-23 11:10:00,CELL_TOWER,Synthetic Demonstration Dataset,True
SYN-LOC-00600,P010,LOC009,South Transit Hub,13.03,80.265,2026-06-23 13:59:00,FIELD_OBSERVATION,Synthetic Demonstration Dataset,True
SYN-LOC-00626,P015,LOC008,Tech Park Zone,13.04,80.23,2026-06-24 04:20:00,CCTV_REFERENCE,Synthetic Demonstration Dataset,True
SYN-LOC-00177,P006,LOC004,Harbour Road,13.1,80.3,2026-06-24 05:14:00,CCTV_REFERENCE,Synthetic Demonstration Dataset,True
SYN-LOC-00007,P002,LOC010,Metro Station,13.075,80.285,2026-06-24 11:12:00,FIELD_OBSERVATION,Synthetic Demonstration Dataset,True
SYN-LOC-00610,P002,LOC001,Central Bus Terminal,13.0827,80.2707,2026-06-24 13:47:00,CELL_TOWER,Synthetic Demonstration Dataset,True
SYN-LOC-00411,P014,LOC003,Industrial Estate,13.06,80.24,2026-06-24 14:11:00,FIELD_OBSERVATION,Synthetic Demonstration Dataset,True
SYN-LOC-00659,P012,LOC008,Tech Park Zone,13.04,80.23,2026-06-24 16:00:00,CELL_TOWER,Synthetic Demonstration Dataset,True
SYN-LOC-00291,P007,LOC004,Harbour Road,13.1,80.3,2026-06-25 04:07:00,CELL_TOWER,Synthetic Demonstration Dataset,True
SYN-LOC-00205,P003,LOC001,Central Bus Terminal,13.0827,80.2707,2026-06-25 21:51:00,CELL_TOWER,Synthetic Demonstration Dataset,True
SYN-LOC-00716,P011,LOC008,Tech Park Zone,13.04,80.23,2026-06-26 00:07:00,CELL_TOWER,Synthetic Demonstration Dataset,True
SYN-LOC-00079,P004,LOC010,Metro Station,13.075,80.285,2026-06-26 02:58:00,CELL_TOWER,Synthetic Demonstration Dataset,True
SYN-LOC-00431,P012,LOC008,Tech Park Zone,13.04,80.23,2026-06-27 05:58:00,FIELD_OBSERVATION,Synthetic Demonstration Dataset,True
SYN-LOC-00233,P006,LOC004,Harbour Road,13.1,80.3,2026-06-27 10:34:00,CCTV_REFERENCE,Synthetic Demonstration Dataset,True
SYN-LOC-00744,P013,LOC008,Tech Park Zone,13.04,80.23,2026-06-27 22:08:00,FIELD_OBSERVATION,Synthetic Demonstration Dataset,True
SYN-LOC-00491,P001,LOC003,Industrial Estate,13.06,80.24,2026-06-28 00:17:00,CCTV_REFERENCE,Synthetic Demonstration Dataset,True
SYN-LOC-00339,P003,LOC010,Metro Station,13.075,80.285,2026-06-28 05:14:00,CELL_TOWER,Synthetic Demonstration Dataset,True
SYN-LOC-00168,P008,LOC004,Harbour Road,13.1,80.3,2026-06-28 20:38:00,FIELD_OBSERVATION,Synthetic Demonstration Dataset,True
SYN-LOC-00101,P006,LOC002,North Railway Junction,13.095,80.28,2026-06-28 21:47:00,CCTV_REFERENCE,Synthetic Demonstration Dataset,True
SYN-LOC-00254,P001,LOC005,Market Street,13.07,80.26,2026-06-28 23:24:00,FIELD_OBSERVATION,Synthetic Demonstration Dataset,True
SYN-LOC-00414,P015,LOC003,Industrial Estate,13.06,80.24,2026-06-29 03:39:00,FIELD_OBSERVATION,Synthetic Demonstration Dataset,True
SYN-LOC-00132,P008,LOC002,North Railway Junction,13.095,80.28,2026-06-29 07:39:00,CELL_TOWER,Synthetic Demonstration Dataset,True
SYN-LOC-00423,P013,LOC003,Industrial Estate,13.06,80.24,2026-06-30 10:40:00,CELL_TOWER,Synthetic Demonstration Dataset,True
SYN-LOC-00441,P010,LOC008,Tech Park Zone,13.04,80.23,2026-06-30 13:57:00,CCTV_REFERENCE,Synthetic Demonstration Dataset,True
SYN-LOC-00402,P007,LOC002,North Railway Junction,13.095,80.28,2026-06-30 16:06:00,CELL_TOWER,Synthetic Demonstration Dataset,True
SYN-LOC-00374,P014,LOC001,Central Bus Terminal,13.0827,80.2707,2026-06-30 23:08:00,CCTV_REFERENCE,Synthetic Demonstration Dataset,True
SYN-LOC-00572,P007,LOC002,North Railway Junction,13.095,80.28,2026-07-01 18:25:00,CELL_TOWER,Synthetic Demonstration Dataset,True
SYN-LOC-00155,P015,LOC008,Tech Park Zone,13.04,80.23,2026-07-02 03:42:00,CCTV_REFERENCE,Synthetic Demonstration Dataset,True
SYN-LOC-00638,P002,LOC010,Metro Station,13.075,80.285,2026-07-02 11:20:00,CELL_TOWER,Synthetic Demonstration Dataset,True
SYN-LOC-00133,P009,LOC010,Metro Station,13.075,80.285,2026-07-03 00:12:00,CELL_TOWER,Synthetic Demonstration Dataset,True
SYN-LOC-00140,P015,LOC008,Tech Park Zone,13.04,80.23,2026-07-03 21:08:00,CCTV_REFERENCE,Synthetic Demonstration Dataset,True
SYN-LOC-00212,P012,LOC003,Industrial Estate,13.06,80.24,2026-07-04 03:09:00,FIELD_OBSERVATION,Synthetic Demonstration Dataset,True
SYN-LOC-00085,P004,LOC003,Industrial Estate,13.06,80.24,2026-07-04 13:58:00,CELL_TOWER,Synthetic Demonstration Dataset,True
SYN-LOC-00603,P007,LOC007,Riverbank Road,13.05,80.275,2026-07-04 16:43:00,CCTV_REFERENCE,Synthetic Demonstration Dataset,True
SYN-LOC-00391,P013,LOC003,Industrial Estate,13.06,80.24,2026-07-04 20:37:00,CELL_TOWER,Synthetic Demonstration Dataset,True
SYN-LOC-00525,P004,LOC005,Market Street,13.07,80.26,2026-07-05 03:32:00,CELL_TOWER,Synthetic Demonstration Dataset,True
SYN-LOC-00261,P003,LOC003,Industrial Estate,13.06,80.24,2026-07-05 03:42:00,CCTV_REFERENCE,Synthetic Demonstration Dataset,True
SYN-LOC-00697,P010,LOC004,Harbour Road,13.1,80.3,2026-07-05 05:24:00,CELL_TOWER,Synthetic Demonstration Dataset,True
SYN-LOC-00653,P007,LOC007,Riverbank Road,13.05,80.275,2026-07-05 09:52:00,CELL_TOWER,Synthetic Demonstration Dataset,True
SYN-LOC-00052,P005,LOC001,Central Bus Terminal,13.0827,80.2707,2026-07-05 13:15:00,FIELD_OBSERVATION,Synthetic Demonstration Dataset,True
SYN-LOC-00267,P003,LOC009,South Transit Hub,13.03,80.265,2026-07-05 13:35:00,FIELD_OBSERVATION,Synthetic Demonstration Dataset,True
SYN-LOC-00615,P015,LOC006,Old Warehouse District,13.11,80.25,2026-07-05 13:39:00,FIELD_OBSERVATION,Synthetic Demonstration Dataset,True
SYN-LOC-00059,P005,LOC010,Metro Station,13.075,80.285,2026-07-05 21:58:00,FIELD_OBSERVATION,Synthetic Demonstration Dataset,True
SYN-LOC-00262,P001,LOC005,Market Street,13.07,80.26,2026-07-06 06:23:00,CELL_TOWER,Synthetic Demonstration Dataset,True
SYN-LOC-00126,P003,LOC001,Central Bus Terminal,13.0827,80.2707,2026-07-06 13:18:00,CELL_TOWER,Synthetic Demonstration Dataset,True
SYN-LOC-00553,P015,LOC001,Central Bus Terminal,13.0827,80.2707,2026-07-07 05:21:00,FIELD_OBSERVATION,Synthetic Demonstration Dataset,True
SYN-LOC-00326,P015,LOC003,Industrial Estate,13.06,80.24,2026-07-07 11:26:00,FIELD_OBSERVATION,Synthetic Demonstration Dataset,True
SYN-LOC-00286,P007,LOC007,Riverbank Road,13.05,80.275,2026-07-07 11:46:00,CELL_TOWER,Synthetic Demonstration Dataset,True
SYN-LOC-00440,P005,LOC010,Metro Station,13.075,80.285,2026-07-08 00:53:00,FIELD_OBSERVATION,Synthetic Demonstration Dataset,True
SYN-LOC-00510,P011,LOC008,Tech Park Zone,13.04,80.23,2026-07-08 02:48:00,CELL_TOWER,Synthetic Demonstration Dataset,True
SYN-LOC-00468,P013,LOC003,Industrial Estate,13.06,80.24,2026-07-08 12:02:00,CELL_TOWER,Synthetic Demonstration Dataset,True
SYN-LOC-00018,P003,LOC001,Central Bus Terminal,13.0827,80.2707,2026-07-08 18:40:00,CCTV_REFERENCE,Synthetic Demonstration Dataset,True
SYN-LOC-00393,P010,LOC005,Market Street,13.07,80.26,2026-07-09 04:37:00,CCTV_REFERENCE,Synthetic Demonstration Dataset,True
SYN-LOC-00146,P003,LOC005,Market Street,13.07,80.26,2026-07-09 08:34:00,FIELD_OBSERVATION,Synthetic Demonstration Dataset,True
SYN-LOC-00209,P010,LOC007,Riverbank Road,13.05,80.275,2026-07-09 12:18:00,CELL_TOWER,Synthetic Demonstration Dataset,True
SYN-LOC-00075,P009,LOC004,Harbour Road,13.1,80.3,2026-07-09 14:17:00,CELL_TOWER,Synthetic Demonstration Dataset,True
SYN-LOC-00076,P015,LOC006,Old Warehouse District,13.11,80.25,2026-07-09 19:56:00,CELL_TOWER,Synthetic Demonstration Dataset,True
SYN-LOC-00605,P001,LOC001,Central Bus Terminal,13.0827,80.2707,2026-07-09 21:45:00,CELL_TOWER,Synthetic Demonstration Dataset,True
SYN-LOC-00208,P014,LOC008,Tech Park Zone,13.04,80.23,2026-07-10 03:21:00,CELL_TOWER,Synthetic Demonstration Dataset,True
SYN-LOC-00182,P013,LOC003,Industrial Estate,13.06,80.24,2026-07-10 07:35:00,CELL_TOWER,Synthetic Demonstration Dataset,True
SYN-LOC-00466,P005,LOC005,Market Street,13.07,80.26,2026-07-11 03:28:00,CCTV_REFERENCE,Synthetic Demonstration Dataset,True
SYN-LOC-00255,P007,LOC002,North Railway Junction,13.095,80.28,2026-07-11 09:13:00,CELL_TOWER,Synthetic Demonstration Dataset,True
SYN-LOC-00613,P007,LOC004,Harbour Road,13.1,80.3,2026-07-11 15:43:00,CELL_TOWER,Synthetic Demonstration Dataset,True
SYN-LOC-00531,P011,LOC006,Old Warehouse District,13.11,80.25,2026-07-11 21:33:00,FIELD_OBSERVATION,Synthetic Demonstration Dataset,True
SYN-LOC-00215,P013,LOC008,Tech Park Zone,13.04,80.23,2026-07-12 03:21:00,CELL_TOWER,Synthetic Demonstration Dataset,True
SYN-LOC-00050,P002,LOC007,Riverbank Road,13.05,80.275,2026-07-12 04:34:00,FIELD_OBSERVATION,Synthetic Demonstration Dataset,True
SYN-LOC-00174,P010,LOC002,North Railway Junction,13.095,80.28,2026-07-12 15:32:00,CCTV_REFERENCE,Synthetic Demonstration Dataset,True
SYN-LOC-00179,P008,LOC007,Riverbank Road,13.05,80.275,2026-07-12 21:01:00,FIELD_OBSERVATION,Synthetic Demonstration Dataset,True
SYN-LOC-00305,P006,LOC009,South Transit Hub,13.03,80.265,2026-07-12 21:05:00,CCTV_REFERENCE,Synthetic Demonstration Dataset,True
SYN-LOC-00135,P001,LOC010,Metro Station,13.075,80.285,2026-07-12 21:51:00,CELL_TOWER,Synthetic Demonstration Dataset,True
SYN-LOC-00069,P002,LOC001,Central Bus Terminal,13.0827,80.2707,2026-07-12 23:46:00,CCTV_REFERENCE,Synthetic Demonstration Dataset,True
SYN-LOC-00669,P011,LOC001,Central Bus Terminal,13.0827,80.2707,2026-07-13 02:45:00,CELL_TOWER,Synthetic Demonstration Dataset,True
SYN-LOC-00409,P008,LOC007,Riverbank Road,13.05,80.275,2026-07-13 09:43:00,CCTV_REFERENCE,Synthetic Demonstration Dataset,True
SYN-LOC-00058,P005,LOC001,Central Bus Terminal,13.0827,80.2707,2026-07-13 12:48:00,CELL_TOWER,Synthetic Demonstration Dataset,True
SYN-LOC-00218,P001,LOC001,Central Bus Terminal,13.0827,80.2707,2026-07-13 14:40:00,FIELD_OBSERVATION,Synthetic Demonstration Dataset,True
SYN-LOC-00053,P009,LOC007,Riverbank Road,13.05,80.275,2026-07-13 21:37:00,CCTV_REFERENCE,Synthetic Demonstration Dataset,True
SYN-LOC-00475,P001,LOC007,Riverbank Road,13.05,80.275,2026-07-15 07:45:00,CCTV_REFERENCE,Synthetic Demonstration Dataset,True
SYN-LOC-00338,P009,LOC007,Riverbank Road,13.05,80.275,2026-07-15 09:38:00,CCTV_REFERENCE,Synthetic Demonstration Dataset,True
SYN-LOC-00265,P007,LOC004,Harbour Road,13.1,80.3,2026-07-15 17:35:00,CELL_TOWER,Synthetic Demonstration Dataset,True
SYN-LOC-00143,P008,LOC004,Harbour Road,13.1,80.3,2026-07-16 03:50:00,CCTV_REFERENCE,Synthetic Demonstration Dataset,True
SYN-LOC-00343,P015,LOC006,Old Warehouse District,13.11,80.25,2026-07-16 05:19:00,FIELD_OBSERVATION,Synthetic Demonstration Dataset,True
SYN-LOC-00447,P014,LOC006,Old Warehouse District,13.11,80.25,2026-07-16 16:22:00,CELL_TOWER,Synthetic Demonstration Dataset,True
SYN-LOC-00071,P006,LOC004,Harbour Road,13.1,80.3,2026-07-17 04:39:00,CCTV_REFERENCE,Synthetic Demonstration Dataset,True
SYN-LOC-00671,P014,LOC001,Central Bus Terminal,13.0827,80.2707,2026-07-17 05:36:00,FIELD_OBSERVATION,Synthetic Demonstration Dataset,True
SYN-LOC-00270,P001,LOC010,Metro Station,13.075,80.285,2026-07-17 10:38:00,CELL_TOWER,Synthetic Demonstration Dataset,True
SYN-LOC-00514,P011,LOC005,Market Street,13.07,80.26,2026-07-17 11:22:00,CCTV_REFERENCE,Synthetic Demonstration Dataset,True
SYN-LOC-00633,P005,LOC010,Metro Station,13.075,80.285,2026-07-18 13:18:00,CCTV_REFERENCE,Synthetic Demonstration Dataset,True
SYN-LOC-00350,P014,LOC003,Industrial Estate,13.06,80.24,2026-07-18 14:44:00,FIELD_OBSERVATION,Synthetic Demonstration Dataset,True
SYN-LOC-00220,P015,LOC002,North Railway Junction,13.095,80.28,2026-07-18 21:16:00,CELL_TOWER,Synthetic Demonstration Dataset,True
SYN-LOC-00057,P013,LOC006,Old Warehouse District,13.11,80.25,2026-07-19 01:18:00,CELL_TOWER,Synthetic Demonstration Dataset,True
SYN-LOC-00361,P011,LOC006,Old Warehouse District,13.11,80.25,2026-07-19 04:15:00,CCTV_REFERENCE,Synthetic Demonstration Dataset,True
SYN-LOC-00476,P004,LOC010,Metro Station,13.075,80.285,2026-07-19 04:18:00,FIELD_OBSERVATION,Synthetic Demonstration Dataset,True
SYN-LOC-00008,P014,LOC007,Riverbank Road,13.05,80.275,2026-07-20 12:56:00,CELL_TOWER,Synthetic Demonstration Dataset,True
SYN-LOC-00315,P005,LOC010,Metro Station,13.075,80.285,2026-07-20 14:03:00,FIELD_OBSERVATION,Synthetic Demonstration Dataset,True
SYN-LOC-00378,P008,LOC006,Old Warehouse District,13.11,80.25,2026-07-21 00:55:00,CCTV_REFERENCE,Synthetic Demonstration Dataset,True
SYN-LOC-00667,P015,LOC001,Central Bus Terminal,13.0827,80.2707,2026-07-21 06:48:00,CCTV_REFERENCE,Synthetic Demonstration Dataset,True
SYN-LOC-00161,P006,LOC004,Harbour Road,13.1,80.3,2026-07-21 23:28:00,CCTV_REFERENCE,Synthetic Demonstration Dataset,True
SYN-LOC-00554,P007,LOC002,North Railway Junction,13.095,80.28,2026-07-22 02:53:00,FIELD_OBSERVATION,Synthetic Demonstration Dataset,True
SYN-LOC-00217,P002,LOC001,Central Bus Terminal,13.0827,80.2707,2026-07-22 17:22:00,FIELD_OBSERVATION,Synthetic Demonstration Dataset,True
SYN-LOC-00294,P006,LOC004,Harbour Road,13.1,80.3,2026-07-23 00:41:00,CCTV_REFERENCE,Synthetic Demonstration Dataset,True
SYN-LOC-00629,P011,LOC006,Old Warehouse District,13.11,80.25,2026-07-23 01:25:00,CELL_TOWER,Synthetic Demonstration Dataset,True
SYN-LOC-00688,P004,LOC001,Central Bus Terminal,13.0827,80.2707,2026-07-24 00:56:00,CCTV_REFERENCE,Synthetic Demonstration Dataset,True
SYN-LOC-00619,P001,LOC005,Market Street,13.07,80.26,2026-07-24 06:27:00,CELL_TOWER,Synthetic Demonstration Dataset,True
SYN-LOC-00355,P007,LOC004,Harbour Road,13.1,80.3,2026-07-24 14:26:00,CCTV_REFERENCE,Synthetic Demonstration Dataset,True
SYN-LOC-00041,P012,LOC008,Tech Park Zone,13.04,80.23,2026-07-24 15:21:00,CCTV_REFERENCE,Synthetic Demonstration Dataset,True
SYN-LOC-00451,P011,LOC001,Central Bus Terminal,13.0827,80.2707,2026-07-24 23:51:00,CELL_TOWER,Synthetic Demonstration Dataset,True
SYN-LOC-00247,P006,LOC002,North Railway Junction,13.095,80.28,2026-07-25 03:12:00,CELL_TOWER,Synthetic Demonstration Dataset,True
SYN-LOC-00153,P009,LOC007,Riverbank Road,13.05,80.275,2026-07-25 11:25:00,CCTV_REFERENCE,Synthetic Demonstration Dataset,True
SYN-LOC-00279,P012,LOC008,Tech Park Zone,13.04,80.23,2026-07-25 18:10:00,FIELD_OBSERVATION,Synthetic Demonstration Dataset,True
SYN-LOC-00535,P004,LOC001,Central Bus Terminal,13.0827,80.2707,2026-07-25 23:17:00,FIELD_OBSERVATION,Synthetic Demonstration Dataset,True
SYN-LOC-00242,P005,LOC002,North Railway Junction,13.095,80.28,2026-07-26 01:48:00,CELL_TOWER,Synthetic Demonstration Dataset,True
SYN-LOC-00325,P001,LOC010,Metro Station,13.075,80.285,2026-07-26 16:55:00,FIELD_OBSERVATION,Synthetic Demonstration Dataset,True
SYN-LOC-00157,P011,LOC007,Riverbank Road,13.05,80.275,2026-07-26 19:14:00,FIELD_OBSERVATION,Synthetic Demonstration Dataset,True
SYN-LOC-00725,P005,LOC005,Market Street,13.07,80.26,2026-07-27 03:00:00,CCTV_REFERENCE,Synthetic Demonstration Dataset,True
SYN-LOC-00098,P008,LOC002,North Railway Junction,13.095,80.28,2026-07-27 12:22:00,CELL_TOWER,Synthetic Demonstration Dataset,True
SYN-LOC-00017,P011,LOC008,Tech Park Zone,13.04,80.23,2026-07-27 15:43:00,FIELD_OBSERVATION,Synthetic Demonstration Dataset,True
SYN-LOC-00144,P006,LOC006,Old Warehouse District,13.11,80.25,2026-07-28 15:00:00,FIELD_OBSERVATION,Synthetic Demonstration Dataset,True
SYN-LOC-00738,P003,LOC005,Market Street,13.07,80.26,2026-07-28 18:48:00,FIELD_OBSERVATION,Synthetic Demonstration Dataset,True
SYN-LOC-00257,P012,LOC008,Tech Park Zone,13.04,80.23,2026-07-28 19:00:00,CELL_TOWER,Synthetic Demonstration Dataset,True
SYN-LOC-00381,P005,LOC005,Market Street,13.07,80.26,2026-07-29 01:47:00,FIELD_OBSERVATION,Synthetic Demonstration Dataset,True
SYN-LOC-00244,P014,LOC003,Industrial Estate,13.06,80.24,2026-07-29 14:05:00,CCTV_REFERENCE,Synthetic Demonstration Dataset,True
SYN-LOC-00176,P009,LOC008,Tech Park Zone,13.04,80.23,2026-07-30 01:59:00,FIELD_OBSERVATION,Synthetic Demonstration Dataset,True
SYN-LOC-00656,P006,LOC007,Riverbank Road,13.05,80.275,2026-07-30 18:53:00,FIELD_OBSERVATION,Synthetic Demonstration Dataset,True
SYN-LOC-00211,P013,LOC008,Tech Park Zone,13.04,80.23,2026-07-30 20:15:00,CELL_TOWER,Synthetic Demonstration Dataset,True
SYN-LOC-00196,P008,LOC004,Harbour Road,13.1,80.3,2026-07-30 21:23:00,CCTV_REFERENCE,Synthetic Demonstration Dataset,True
SYN-LOC-00213,P012,LOC007,Riverbank Road,13.05,80.275,2026-07-30 22:39:00,CCTV_REFERENCE,Synthetic Demonstration Dataset,True
SYN-LOC-00543,P001,LOC005,Market Street,13.07,80.26,2026-07-30 23:38:00,CCTV_REFERENCE,Synthetic Demonstration Dataset,True
SYN-LOC-00110,P001,LOC005,Market Street,13.07,80.26,2026-07-31 06:40:00,CELL_TOWER,Synthetic Demonstration Dataset,True
SYN-LOC-00567,P008,LOC003,Industrial Estate,13.06,80.24,2026-07-31 14:56:00,FIELD_OBSERVATION,Synthetic Demonstration Dataset,True
SYN-LOC-00080,P003,LOC001,Central Bus Terminal,13.0827,80.2707,2026-07-31 16:15:00,CELL_TOWER,Synthetic Demonstration Dataset,True
SYN-LOC-00264,P014,LOC001,Central Bus Terminal,13.0827,80.2707,2026-08-01 08:18:00,FIELD_OBSERVATION,Synthetic Demonstration Dataset,True
SYN-LOC-00459,P013,LOC008,Tech Park Zone,13.04,80.23,2026-08-02 17:40:00,CELL_TOWER,Synthetic Demonstration Dataset,True
SYN-LOC-00192,P015,LOC009,South Transit Hub,13.03,80.265,2026-08-03 05:41:00,FIELD_OBSERVATION,Synthetic Demonstration Dataset,True
SYN-LOC-00595,P004,LOC004,Harbour Road,13.1,80.3,2026-08-04 01:53:00,CCTV_REFERENCE,Synthetic Demonstration Dataset,True
SYN-LOC-00497,P013,LOC003,Industrial Estate,13.06,80.24,2026-08-04 21:02:00,FIELD_OBSERVATION,Synthetic Demonstration Dataset,True
SYN-LOC-00649,P003,LOC001,Central Bus Terminal,13.0827,80.2707,2026-08-05 05:16:00,CCTV_REFERENCE,Synthetic Demonstration Dataset,True
SYN-LOC-00505,P001,LOC005,Market Street,13.07,80.26,2026-08-05 10:11:00,FIELD_OBSERVATION,Synthetic Demonstration Dataset,True
SYN-LOC-00547,P015,LOC006,Old Warehouse District,13.11,80.25,2026-08-05 17:58:00,CCTV_REFERENCE,Synthetic Demonstration Dataset,True
SYN-LOC-00285,P006,LOC002,North Railway Junction,13.095,80.28,2026-08-07 11:55:00,CCTV_REFERENCE,Synthetic Demonstration Dataset,True
SYN-LOC-00062,P006,LOC002,North Railway Junction,13.095,80.28,2026-08-07 13:07:00,CELL_TOWER,Synthetic Demonstration Dataset,True
SYN-LOC-00066,P004,LOC005,Market Street,13.07,80.26,2026-08-07 13:33:00,CELL_TOWER,Synthetic Demonstration Dataset,True
SYN-LOC-00122,P011,LOC008,Tech Park Zone,13.04,80.23,2026-08-08 09:29:00,CELL_TOWER,Synthetic Demonstration Dataset,True
SYN-LOC-00433,P015,LOC006,Old Warehouse District,13.11,80.25,2026-08-08 10:20:00,CCTV_REFERENCE,Synthetic Demonstration Dataset,True
SYN-LOC-00609,P006,LOC004,Harbour Road,13.1,80.3,2026-08-08 22:59:00,FIELD_OBSERVATION,Synthetic Demonstration Dataset,True
SYN-LOC-00097,P009,LOC007,Riverbank Road,13.05,80.275,2026-08-08 23:46:00,FIELD_OBSERVATION,Synthetic Demonstration Dataset,True
SYN-LOC-00712,P013,LOC006,Old Warehouse District,13.11,80.25,2026-08-09 07:19:00,FIELD_OBSERVATION,Synthetic Demonstration Dataset,True
SYN-LOC-00095,P003,LOC010,Metro Station,13.075,80.285,2026-08-09 22:56:00,CCTV_REFERENCE,Synthetic Demonstration Dataset,True
SYN-LOC-00557,P004,LOC001,Central Bus Terminal,13.0827,80.2707,2026-08-09 23:07:00,FIELD_OBSERVATION,Synthetic Demonstration Dataset,True
SYN-LOC-00645,P010,LOC007,Riverbank Road,13.05,80.275,2026-08-10 00:17:00,CELL_TOWER,Synthetic Demonstration Dataset,True
SYN-LOC-00166,P002,LOC005,Market Street,13.07,80.26,2026-08-10 12:53:00,FIELD_OBSERVATION,Synthetic Demonstration Dataset,True
SYN-LOC-00354,P011,LOC008,Tech Park Zone,13.04,80.23,2026-08-11 11:43:00,CCTV_REFERENCE,Synthetic Demonstration Dataset,True
SYN-LOC-00394,P003,LOC005,Market Street,13.07,80.26,2026-08-11 16:00:00,FIELD_OBSERVATION,Synthetic Demonstration Dataset,True
SYN-LOC-00566,P006,LOC002,North Railway Junction,13.095,80.28,2026-08-11 20:52:00,CCTV_REFERENCE,Synthetic Demonstration Dataset,True
SYN-LOC-00271,P004,LOC010,Metro Station,13.075,80.285,2026-08-11 23:04:00,FIELD_OBSERVATION,Synthetic Demonstration Dataset,True
SYN-LOC-00654,P014,LOC007,Riverbank Road,13.05,80.275,2026-08-12 17:43:00,CCTV_REFERENCE,Synthetic Demonstration Dataset,True
SYN-LOC-00481,P005,LOC005,Market Street,13.07,80.26,2026-08-12 18:03:00,CCTV_REFERENCE,Synthetic Demonstration Dataset,True
SYN-LOC-00049,P008,LOC007,Riverbank Road,13.05,80.275,2026-08-12 20:55:00,FIELD_OBSERVATION,Synthetic Demonstration Dataset,True
SYN-LOC-00092,P007,LOC007,Riverbank Road,13.05,80.275,2026-08-13 00:23:00,CCTV_REFERENCE,Synthetic Demonstration Dataset,True
SYN-LOC-00191,P011,LOC006,Old Warehouse District,13.11,80.25,2026-08-13 12:34:00,CCTV_REFERENCE,Synthetic Demonstration Dataset,True
SYN-LOC-00016,P010,LOC007,Riverbank Road,13.05,80.275,2026-08-13 15:05:00,CELL_TOWER,Synthetic Demonstration Dataset,True
SYN-LOC-00564,P005,LOC007,Riverbank Road,13.05,80.275,2026-08-13 19:32:00,CELL_TOWER,Synthetic Demonstration Dataset,True
SYN-LOC-00046,P004,LOC009,South Transit Hub,13.03,80.265,2026-08-14 07:44:00,CELL_TOWER,Synthetic Demonstration Dataset,True
SYN-LOC-00397,P015,LOC003,Industrial Estate,13.06,80.24,2026-08-14 08:18:00,CCTV_REFERENCE,Synthetic Demonstration Dataset,True
SYN-LOC-00293,P008,LOC002,North Railway Junction,13.095,80.28,2026-08-14 14:23:00,FIELD_OBSERVATION,Synthetic Demonstration Dataset,True
SYN-LOC-00733,P009,LOC008,Tech Park Zone,13.04,80.23,2026-08-14 20:43:00,CELL_TOWER,Synthetic Demonstration Dataset,True
SYN-LOC-00106,P013,LOC002,North Railway Junction,13.095,80.28,2026-08-15 04:55:00,CCTV_REFERENCE,Synthetic Demonstration Dataset,True
SYN-LOC-00056,P008,LOC002,North Railway Junction,13.095,80.28,2026-08-15 09:20:00,CELL_TOWER,Synthetic Demonstration Dataset,True
SYN-LOC-00748,P003,LOC004,Harbour Road,13.1,80.3,2026-08-15 14:35:00,FIELD_OBSERVATION,Synthetic Demonstration Dataset,True
SYN-LOC-00125,P011,LOC003,Industrial Estate,13.06,80.24,2026-08-15 18:38:00,CELL_TOWER,Synthetic Demonstration Dataset,True
SYN-LOC-00477,P006,LOC006,Old Warehouse District,13.11,80.25,2026-08-15 22:07:00,CELL_TOWER,Synthetic Demonstration Dataset,True
SYN-LOC-00314,P004,LOC005,Market Street,13.07,80.26,2026-08-16 16:48:00,CCTV_REFERENCE,Synthetic Demonstration Dataset,True
SYN-LOC-00581,P005,LOC005,Market Street,13.07,80.26,2026-08-16 19:58:00,CCTV_REFERENCE,Synthetic Demonstration Dataset,True
SYN-LOC-00028,P005,LOC005,Market Street,13.07,80.26,2026-08-17 13:45:00,CCTV_REFERENCE,Synthetic Demonstration Dataset,True
SYN-LOC-00689,P010,LOC002,North Railway Junction,13.095,80.28,2026-08-17 16:15:00,CELL_TOWER,Synthetic Demonstration Dataset,True
SYN-LOC-00148,P008,LOC007,Riverbank Road,13.05,80.275,2026-08-17 18:33:00,CCTV_REFERENCE,Synthetic Demonstration Dataset,True
SYN-LOC-00670,P010,LOC004,Harbour Road,13.1,80.3,2026-08-17 21:04:00,FIELD_OBSERVATION,Synthetic Demonstration Dataset,True
SYN-LOC-00408,P003,LOC008,Tech Park Zone,13.04,80.23,2026-08-18 10:27:00,CELL_TOWER,Synthetic Demonstration Dataset,True
SYN-LOC-00013,P011,LOC006,Old Warehouse District,13.11,80.25,2026-08-18 22:16:00,FIELD_OBSERVATION,Synthetic Demonstration Dataset,True
SYN-LOC-00281,P009,LOC006,Old Warehouse District,13.11,80.25,2026-08-19 09:53:00,FIELD_OBSERVATION,Synthetic Demonstration Dataset,True
SYN-LOC-00736,P011,LOC008,Tech Park Zone,13.04,80.23,2026-08-19 10:45:00,CCTV_REFERENCE,Synthetic Demonstration Dataset,True
SYN-LOC-00747,P009,LOC004,Harbour Road,13.1,80.3,2026-08-19 12:44:00,FIELD_OBSERVATION,Synthetic Demonstration Dataset,True
SYN-LOC-00529,P011,LOC006,Old Warehouse District,13.11,80.25,2026-08-20 02:00:00,CELL_TOWER,Synthetic Demonstration Dataset,True
SYN-LOC-00636,P015,LOC008,Tech Park Zone,13.04,80.23,2026-08-20 07:52:00,CELL_TOWER,Synthetic Demonstration Dataset,True
SYN-LOC-00424,P004,LOC005,Market Street,13.07,80.26,2026-08-21 02:06:00,CELL_TOWER,Synthetic Demonstration Dataset,True
SYN-LOC-00657,P002,LOC010,Metro Station,13.075,80.285,2026-08-21 07:51:00,CELL_TOWER,Synthetic Demonstration Dataset,True
SYN-LOC-00714,P004,LOC005,Market Street,13.07,80.26,2026-08-22 00:56:00,CELL_TOWER,Synthetic Demonstration Dataset,True
SYN-LOC-00370,P006,LOC003,Industrial Estate,13.06,80.24,2026-08-22 04:15:00,CELL_TOWER,Synthetic Demonstration Dataset,True
SYN-LOC-00518,P003,LOC001,Central Bus Terminal,13.0827,80.2707,2026-08-22 10:27:00,FIELD_OBSERVATION,Synthetic Demonstration Dataset,True
SYN-LOC-00349,P008,LOC004,Harbour Road,13.1,80.3,2026-08-22 19:13:00,CELL_TOWER,Synthetic Demonstration Dataset,True
SYN-LOC-00392,P009,LOC001,Central Bus Terminal,13.0827,80.2707,2026-08-22 22:41:00,CCTV_REFERENCE,Synthetic Demonstration Dataset,True
SYN-LOC-00299,P010,LOC002,North Railway Junction,13.095,80.28,2026-08-23 21:19:00,FIELD_OBSERVATION,Synthetic Demonstration Dataset,True
SYN-LOC-00184,P015,LOC002,North Railway Junction,13.095,80.28,2026-08-24 12:17:00,CELL_TOWER,Synthetic Demonstration Dataset,True
SYN-LOC-00631,P003,LOC001,Central Bus Terminal,13.0827,80.2707,2026-08-24 15:11:00,CCTV_REFERENCE,Synthetic Demonstration Dataset,True
SYN-LOC-00720,P008,LOC004,Harbour Road,13.1,80.3,2026-08-25 04:58:00,FIELD_OBSERVATION,Synthetic Demonstration Dataset,True
SYN-LOC-00457,P014,LOC003,Industrial Estate,13.06,80.24,2026-08-25 10:51:00,CCTV_REFERENCE,Synthetic Demonstration Dataset,True
SYN-LOC-00388,P012,LOC006,Old Warehouse District,13.11,80.25,2026-08-25 11:33:00,CCTV_REFERENCE,Synthetic Demonstration Dataset,True
SYN-LOC-00260,P002,LOC010,Metro Station,13.075,80.285,2026-08-25 11:55:00,FIELD_OBSERVATION,Synthetic Demonstration Dataset,True
SYN-LOC-00001,P010,LOC009,South Transit Hub,13.03,80.265,2026-08-25 12:14:00,CCTV_REFERENCE,Synthetic Demonstration Dataset,True
SYN-LOC-00348,P007,LOC002,North Railway Junction,13.095,80.28,2026-08-26 00:07:00,CELL_TOWER,Synthetic Demonstration Dataset,True
SYN-LOC-00700,P005,LOC005,Market Street,13.07,80.26,2026-08-26 03:36:00,FIELD_OBSERVATION,Synthetic Demonstration Dataset,True
SYN-LOC-00180,P012,LOC003,Industrial Estate,13.06,80.24,2026-08-26 03:59:00,CELL_TOWER,Synthetic Demonstration Dataset,True
SYN-LOC-00298,P013,LOC003,Industrial Estate,13.06,80.24,2026-08-26 21:36:00,CELL_TOWER,Synthetic Demonstration Dataset,True
SYN-LOC-00483,P015,LOC010,Metro Station,13.075,80.285,2026-08-27 06:05:00,CELL_TOWER,Synthetic Demonstration Dataset,True
SYN-LOC-00676,P012,LOC008,Tech Park Zone,13.04,80.23,2026-08-27 06:08:00,CCTV_REFERENCE,Synthetic Demonstration Dataset,True
SYN-LOC-00162,P002,LOC005,Market Street,13.07,80.26,2026-08-27 21:25:00,CCTV_REFERENCE,Synthetic Demonstration Dataset,True
SYN-LOC-00448,P013,LOC002,North Railway Junction,13.095,80.28,2026-08-28 00:36:00,FIELD_OBSERVATION,Synthetic Demonstration Dataset,True
SYN-LOC-00620,P002,LOC002,North Railway Junction,13.095,80.28,2026-08-28 06:38:00,CCTV_REFERENCE,Synthetic Demonstration Dataset,True
SYN-LOC-00695,P010,LOC010,Metro Station,13.075,80.285,2026-08-28 07:43:00,FIELD_OBSERVATION,Synthetic Demonstration Dataset,True
SYN-LOC-00138,P010,LOC003,Industrial Estate,13.06,80.24,2026-08-28 09:20:00,FIELD_OBSERVATION,Synthetic Demonstration Dataset,True
SYN-LOC-00259,P012,LOC003,Industrial Estate,13.06,80.24,2026-08-28 14:53:00,FIELD_OBSERVATION,Synthetic Demonstration Dataset,True
SYN-LOC-00268,P010,LOC006,Old Warehouse District,13.11,80.25,2026-08-28 16:14:00,FIELD_OBSERVATION,Synthetic Demonstration Dataset,True
SYN-LOC-00726,P005,LOC001,Central Bus Terminal,13.0827,80.2707,2026-08-28 23:59:00,CCTV_REFERENCE,Synthetic Demonstration Dataset,True
SYN-LOC-00430,P010,LOC007,Riverbank Road,13.05,80.275,2026-08-29 15:39:00,FIELD_OBSERVATION,Synthetic Demonstration Dataset,True
SYN-LOC-00345,P014,LOC009,South Transit Hub,13.03,80.265,2026-08-29 16:28:00,CCTV_REFERENCE,Synthetic Demonstration Dataset,True
